row,col,address,.value,summary_label,summary_label_source,financial_year,financial_year_source,sentence_type,sentence_type_source,defendant_dimensions,defendant_dimensions_source
7,2,R7C2,1423,Summary characteristics,R5C1,2010–11,R5C2,Males,R7C1,Sex,R6C1
7,3,R7C3,1553,Summary characteristics,R5C1,2011–12,R5C3,Males,R7C1,Sex,R6C1
7,4,R7C4,1892,Summary characteristics,R5C1,2012–13,R5C4,Males,R7C1,Sex,R6C1
7,5,R7C5,2188,Summary characteristics,R5C1,2013–14,R5C5,Males,R7C1,Sex,R6C1
7,6,R7C6,2542,Summary characteristics,R5C1,2014–15,R5C6,Males,R7C1,Sex,R6C1
7,7,R7C7,2970,Summary characteristics,R5C1,2015–16,R5C7,Males,R7C1,Sex,R6C1
7,8,R7C8,3207,Summary characteristics,R5C1,2016–17,R5C8,Males,R7C1,Sex,R6C1
7,9,R7C9,3297,Summary characteristics,R5C1,2017–18,R5C9,Males,R7C1,Sex,R6C1
7,10,R7C10,3140,Summary characteristics,R5C1,2018–19,R5C10,Males,R7C1,Sex,R6C1
7,11,R7C11,2897,Summary characteristics,R5C1,2019–20,R5C11,Males,R7C1,Sex,R6C1
7,12,R7C12,3170,Summary characteristics,R5C1,2020–21,R5C12,Males,R7C1,Sex,R6C1
7,13,R7C13,3682,Summary characteristics,R5C1,2021–22,R5C13,Males,R7C1,Sex,R6C1
7,14,R7C14,4320,Summary characteristics,R5C1,2022–23,R5C14,Males,R7C1,Sex,R6C1
8,2,R8C2,297,Summary characteristics,R5C1,2010–11,R5C2,Females,R8C1,Sex,R6C1
8,3,R8C3,351,Summary characteristics,R5C1,2011–12,R5C3,Females,R8C1,Sex,R6C1
8,4,R8C4,385,Summary characteristics,R5C1,2012–13,R5C4,Females,R8C1,Sex,R6C1
8,5,R8C5,431,Summary characteristics,R5C1,2013–14,R5C5,Females,R8C1,Sex,R6C1
8,6,R8C6,524,Summary characteristics,R5C1,2014–15,R5C6,Females,R8C1,Sex,R6C1
8,7,R8C7,532,Summary characteristics,R5C1,2015–16,R5C7,Females,R8C1,Sex,R6C1
8,8,R8C8,686,Summary characteristics,R5C1,2016–17,R5C8,Females,R8C1,Sex,R6C1
8,9,R8C9,668,Summary characteristics,R5C1,2017–18,R5C9,Females,R8C1,Sex,R6C1
8,10,R8C10,709,Summary characteristics,R5C1,2018–19,R5C10,Females,R8C1,Sex,R6C1
8,11,R8C11,564,Summary characteristics,R5C1,2019–20,R5C11,Females,R8C1,Sex,R6C1
8,12,R8C12,704,Summary characteristics,R5C1,2020–21,R5C12,Females,R8C1,Sex,R6C1
8,13,R8C13,832,Summary characteristics,R5C1,2021–22,R5C13,Females,R8C1,Sex,R6C1
8,14,R8C14,998,Summary characteristics,R5C1,2022–23,R5C14,Females,R8C1,Sex,R6C1
11,2,R11C2,34.5,Summary characteristics,R5C1,2010–11,R5C2,Mean (years),R11C1,Age,R10C1
11,3,R11C3,33.9,Summary characteristics,R5C1,2011–12,R5C3,Mean (years),R11C1,Age,R10C1
11,4,R11C4,33.6,Summary characteristics,R5C1,2012–13,R5C4,Mean (years),R11C1,Age,R10C1
11,5,R11C5,34.6,Summary characteristics,R5C1,2013–14,R5C5,Mean (years),R11C1,Age,R10C1
11,6,R11C6,34.7,Summary characteristics,R5C1,2014–15,R5C6,Mean (years),R11C1,Age,R10C1
11,7,R11C7,35.4,Summary characteristics,R5C1,2015–16,R5C7,Mean (years),R11C1,Age,R10C1
11,8,R11C8,35.4,Summary characteristics,R5C1,2016–17,R5C8,Mean (years),R11C1,Age,R10C1
11,9,R11C9,35.4,Summary characteristics,R5C1,2017–18,R5C9,Mean (years),R11C1,Age,R10C1
11,10,R11C10,35.6,Summary characteristics,R5C1,2018–19,R5C10,Mean (years),R11C1,Age,R10C1
11,11,R11C11,36,Summary characteristics,R5C1,2019–20,R5C11,Mean (years),R11C1,Age,R10C1
11,12,R11C12,36.4,Summary characteristics,R5C1,2020–21,R5C12,Mean (years),R11C1,Age,R10C1
11,13,R11C13,37.4,Summary characteristics,R5C1,2021–22,R5C13,Mean (years),R11C1,Age,R10C1
11,14,R11C14,37.6,Summary characteristics,R5C1,2022–23,R5C14,Mean (years),R11C1,Age,R10C1
12,2,R12C2,34,Summary characteristics,R5C1,2010–11,R5C2,Median (years),R12C1,Age,R10C1
12,3,R12C3,33,Summary characteristics,R5C1,2011–12,R5C3,Median (years),R12C1,Age,R10C1
12,4,R12C4,33,Summary characteristics,R5C1,2012–13,R5C4,Median (years),R12C1,Age,R10C1
12,5,R12C5,34,Summary characteristics,R5C1,2013–14,R5C5,Median (years),R12C1,Age,R10C1
12,6,R12C6,34,Summary characteristics,R5C1,2014–15,R5C6,Median (years),R12C1,Age,R10C1
12,7,R12C7,35,Summary characteristics,R5C1,2015–16,R5C7,Median (years),R12C1,Age,R10C1
12,8,R12C8,35,Summary characteristics,R5C1,2016–17,R5C8,Median (years),R12C1,Age,R10C1
12,9,R12C9,35,Summary characteristics,R5C1,2017–18,R5C9,Median (years),R12C1,Age,R10C1
12,10,R12C10,35,Summary characteristics,R5C1,2018–19,R5C10,Median (years),R12C1,Age,R10C1
12,11,R12C11,36,Summary characteristics,R5C1,2019–20,R5C11,Median (years),R12C1,Age,R10C1
12,12,R12C12,36,Summary characteristics,R5C1,2020–21,R5C12,Median (years),R12C1,Age,R10C1
12,13,R12C13,36.8,Summary characteristics,R5C1,2021–22,R5C13,Median (years),R12C1,Age,R10C1
12,14,R12C14,36.8,Summary characteristics,R5C1,2022–23,R5C14,Median (years),R12C1,Age,R10C1
14,2,R14C2,1716,Summary characteristics,R5C1,2010–11,R5C2,Total finalised (excluding transfer to other court levels),R14C1,Age,R10C1
14,3,R14C3,1906,Summary characteristics,R5C1,2011–12,R5C3,Total finalised (excluding transfer to other court levels),R14C1,Age,R10C1
14,4,R14C4,2284,Summary characteristics,R5C1,2012–13,R5C4,Total finalised (excluding transfer to other court levels),R14C1,Age,R10C1
14,5,R14C5,2624,Summary characteristics,R5C1,2013–14,R5C5,Total finalised (excluding transfer to other court levels),R14C1,Age,R10C1
14,6,R14C6,3060,Summary characteristics,R5C1,2014–15,R5C6,Total finalised (excluding transfer to other court levels),R14C1,Age,R10C1
14,7,R14C7,3501,Summary characteristics,R5C1,2015–16,R5C7,Total finalised (excluding transfer to other court levels),R14C1,Age,R10C1
14,8,R14C8,3891,Summary characteristics,R5C1,2016–17,R5C8,Total finalised (excluding transfer to other court levels),R14C1,Age,R10C1
14,9,R14C9,3965,Summary characteristics,R5C1,2017–18,R5C9,Total finalised (excluding transfer to other court levels),R14C1,Age,R10C1
14,10,R14C10,3849,Summary characteristics,R5C1,2018–19,R5C10,Total finalised (excluding transfer to other court levels),R14C1,Age,R10C1
14,11,R14C11,3462,Summary characteristics,R5C1,2019–20,R5C11,Total finalised (excluding transfer to other court levels),R14C1,Age,R10C1
14,12,R14C12,3870,Summary characteristics,R5C1,2020–21,R5C12,Total finalised (excluding transfer to other court levels),R14C1,Age,R10C1
14,13,R14C13,4515,Summary characteristics,R5C1,2021–22,R5C13,Total finalised (excluding transfer to other court levels),R14C1,Age,R10C1
14,14,R14C14,5314,Summary characteristics,R5C1,2022–23,R5C14,Total finalised (excluding transfer to other court levels),R14C1,Age,R10C1
17,2,R17C2,23,Summary characteristics,R5C1,2010–11,R5C2,Higher Courts,R17C1,Court level,R16C1
17,3,R17C3,33,Summary characteristics,R5C1,2011–12,R5C3,Higher Courts,R17C1,Court level,R16C1
17,4,R17C4,30,Summary characteristics,R5C1,2012–13,R5C4,Higher Courts,R17C1,Court level,R16C1
17,5,R17C5,34,Summary characteristics,R5C1,2013–14,R5C5,Higher Courts,R17C1,Court level,R16C1
17,6,R17C6,32,Summary characteristics,R5C1,2014–15,R5C6,Higher Courts,R17C1,Court level,R16C1
17,7,R17C7,33,Summary characteristics,R5C1,2015–16,R5C7,Higher Courts,R17C1,Court level,R16C1
17,8,R17C8,54,Summary characteristics,R5C1,2016–17,R5C8,Higher Courts,R17C1,Court level,R16C1
17,9,R17C9,68,Summary characteristics,R5C1,2017–18,R5C9,Higher Courts,R17C1,Court level,R16C1
17,10,R17C10,65,Summary characteristics,R5C1,2018–19,R5C10,Higher Courts,R17C1,Court level,R16C1
17,11,R17C11,65,Summary characteristics,R5C1,2019–20,R5C11,Higher Courts,R17C1,Court level,R16C1
17,12,R17C12,55,Summary characteristics,R5C1,2020–21,R5C12,Higher Courts,R17C1,Court level,R16C1
17,13,R17C13,58,Summary characteristics,R5C1,2021–22,R5C13,Higher Courts,R17C1,Court level,R16C1
17,14,R17C14,70,Summary characteristics,R5C1,2022–23,R5C14,Higher Courts,R17C1,Court level,R16C1
18,2,R18C2,1651,Summary characteristics,R5C1,2010–11,R5C2,Magistrates' Courts,R18C1,Court level,R16C1
18,3,R18C3,1820,Summary characteristics,R5C1,2011–12,R5C3,Magistrates' Courts,R18C1,Court level,R16C1
18,4,R18C4,2173,Summary characteristics,R5C1,2012–13,R5C4,Magistrates' Courts,R18C1,Court level,R16C1
18,5,R18C5,2523,Summary characteristics,R5C1,2013–14,R5C5,Magistrates' Courts,R18C1,Court level,R16C1
18,6,R18C6,2958,Summary characteristics,R5C1,2014–15,R5C6,Magistrates' Courts,R18C1,Court level,R16C1
18,7,R18C7,3378,Summary characteristics,R5C1,2015–16,R5C7,Magistrates' Courts,R18C1,Court level,R16C1
18,8,R18C8,3761,Summary characteristics,R5C1,2016–17,R5C8,Magistrates' Courts,R18C1,Court level,R16C1
18,9,R18C9,3840,Summary characteristics,R5C1,2017–18,R5C9,Magistrates' Courts,R18C1,Court level,R16C1
18,10,R18C10,3652,Summary characteristics,R5C1,2018–19,R5C10,Magistrates' Courts,R18C1,Court level,R16C1
18,11,R18C11,3305,Summary characteristics,R5C1,2019–20,R5C11,Magistrates' Courts,R18C1,Court level,R16C1
18,12,R18C12,3705,Summary characteristics,R5C1,2020–21,R5C12,Magistrates' Courts,R18C1,Court level,R16C1
18,13,R18C13,4349,Summary characteristics,R5C1,2021–22,R5C13,Magistrates' Courts,R18C1,Court level,R16C1
18,14,R18C14,5100,Summary characteristics,R5C1,2022–23,R5C14,Magistrates' Courts,R18C1,Court level,R16C1
19,2,R19C2,65,Summary characteristics,R5C1,2010–11,R5C2,Children's Courts,R19C1,Court level,R16C1
19,3,R19C3,92,Summary characteristics,R5C1,2011–12,R5C3,Children's Courts,R19C1,Court level,R16C1
19,4,R19C4,117,Summary characteristics,R5C1,2012–13,R5C4,Children's Courts,R19C1,Court level,R16C1
19,5,R19C5,97,Summary characteristics,R5C1,2013–14,R5C5,Children's Courts,R19C1,Court level,R16C1
19,6,R19C6,108,Summary characteristics,R5C1,2014–15,R5C6,Children's Courts,R19C1,Court level,R16C1
19,7,R19C7,136,Summary characteristics,R5C1,2015–16,R5C7,Children's Courts,R19C1,Court level,R16C1
19,8,R19C8,139,Summary characteristics,R5C1,2016–17,R5C8,Children's Courts,R19C1,Court level,R16C1
19,9,R19C9,137,Summary characteristics,R5C1,2017–18,R5C9,Children's Courts,R19C1,Court level,R16C1
19,10,R19C10,195,Summary characteristics,R5C1,2018–19,R5C10,Children's Courts,R19C1,Court level,R16C1
19,11,R19C11,143,Summary characteristics,R5C1,2019–20,R5C11,Children's Courts,R19C1,Court level,R16C1
19,12,R19C12,159,Summary characteristics,R5C1,2020–21,R5C12,Children's Courts,R19C1,Court level,R16C1
19,13,R19C13,181,Summary characteristics,R5C1,2021–22,R5C13,Children's Courts,R19C1,Court level,R16C1
19,14,R19C14,212,Summary characteristics,R5C1,2022–23,R5C14,Children's Courts,R19C1,Court level,R16C1
22,2,R22C2,1329,Summary characteristics,R5C1,2010–11,R5C2,Adjudicated outcomes,R22C1,Method of finalisation,R21C1
22,3,R22C3,1452,Summary characteristics,R5C1,2011–12,R5C3,Adjudicated outcomes,R22C1,Method of finalisation,R21C1
22,4,R22C4,1676,Summary characteristics,R5C1,2012–13,R5C4,Adjudicated outcomes,R22C1,Method of finalisation,R21C1
22,5,R22C5,1933,Summary characteristics,R5C1,2013–14,R5C5,Adjudicated outcomes,R22C1,Method of finalisation,R21C1
22,6,R22C6,2259,Summary characteristics,R5C1,2014–15,R5C6,Adjudicated outcomes,R22C1,Method of finalisation,R21C1
22,7,R22C7,2638,Summary characteristics,R5C1,2015–16,R5C7,Adjudicated outcomes,R22C1,Method of finalisation,R21C1
22,8,R22C8,2829,Summary characteristics,R5C1,2016–17,R5C8,Adjudicated outcomes,R22C1,Method of finalisation,R21C1
22,9,R22C9,2899,Summary characteristics,R5C1,2017–18,R5C9,Adjudicated outcomes,R22C1,Method of finalisation,R21C1
22,10,R22C10,2867,Summary characteristics,R5C1,2018–19,R5C10,Adjudicated outcomes,R22C1,Method of finalisation,R21C1
22,11,R22C11,2565,Summary characteristics,R5C1,2019–20,R5C11,Adjudicated outcomes,R22C1,Method of finalisation,R21C1
22,12,R22C12,2952,Summary characteristics,R5C1,2020–21,R5C12,Adjudicated outcomes,R22C1,Method of finalisation,R21C1
22,13,R22C13,3287,Summary characteristics,R5C1,2021–22,R5C13,Adjudicated outcomes,R22C1,Method of finalisation,R21C1
22,14,R22C14,4011,Summary characteristics,R5C1,2022–23,R5C14,Adjudicated outcomes,R22C1,Method of finalisation,R21C1
23,2,R23C2,121,Summary characteristics,R5C1,2010–11,R5C2,Acquitted,R23C1,Method of finalisation,R21C1
23,3,R23C3,136,Summary characteristics,R5C1,2011–12,R5C3,Acquitted,R23C1,Method of finalisation,R21C1
23,4,R23C4,126,Summary characteristics,R5C1,2012–13,R5C4,Acquitted,R23C1,Method of finalisation,R21C1
23,5,R23C5,125,Summary characteristics,R5C1,2013–14,R5C5,Acquitted,R23C1,Method of finalisation,R21C1
23,6,R23C6,156,Summary characteristics,R5C1,2014–15,R5C6,Acquitted,R23C1,Method of finalisation,R21C1
23,7,R23C7,145,Summary characteristics,R5C1,2015–16,R5C7,Acquitted,R23C1,Method of finalisation,R21C1
23,8,R23C8,161,Summary characteristics,R5C1,2016–17,R5C8,Acquitted,R23C1,Method of finalisation,R21C1
23,9,R23C9,154,Summary characteristics,R5C1,2017–18,R5C9,Acquitted,R23C1,Method of finalisation,R21C1
23,10,R23C10,155,Summary characteristics,R5C1,2018–19,R5C10,Acquitted,R23C1,Method of finalisation,R21C1
23,11,R23C11,173,Summary characteristics,R5C1,2019–20,R5C11,Acquitted,R23C1,Method of finalisation,R21C1
23,12,R23C12,188,Summary characteristics,R5C1,2020–21,R5C12,Acquitted,R23C1,Method of finalisation,R21C1
23,13,R23C13,182,Summary characteristics,R5C1,2021–22,R5C13,Acquitted,R23C1,Method of finalisation,R21C1
23,14,R23C14,239,Summary characteristics,R5C1,2022–23,R5C14,Acquitted,R23C1,Method of finalisation,R21C1
24,2,R24C2,1202,Summary characteristics,R5C1,2010–11,R5C2,Guilty outcome,R24C1,Method of finalisation,R21C1
24,3,R24C3,1314,Summary characteristics,R5C1,2011–12,R5C3,Guilty outcome,R24C1,Method of finalisation,R21C1
24,4,R24C4,1550,Summary characteristics,R5C1,2012–13,R5C4,Guilty outcome,R24C1,Method of finalisation,R21C1
24,5,R24C5,1808,Summary characteristics,R5C1,2013–14,R5C5,Guilty outcome,R24C1,Method of finalisation,R21C1
24,6,R24C6,2097,Summary characteristics,R5C1,2014–15,R5C6,Guilty outcome,R24C1,Method of finalisation,R21C1
24,7,R24C7,2490,Summary characteristics,R5C1,2015–16,R5C7,Guilty outcome,R24C1,Method of finalisation,R21C1
24,8,R24C8,2670,Summary characteristics,R5C1,2016–17,R5C8,Guilty outcome,R24C1,Method of finalisation,R21C1
24,9,R24C9,2748,Summary characteristics,R5C1,2017–18,R5C9,Guilty outcome,R24C1,Method of finalisation,R21C1
24,10,R24C10,2712,Summary characteristics,R5C1,2018–19,R5C10,Guilty outcome,R24C1,Method of finalisation,R21C1
24,11,R24C11,2391,Summary characteristics,R5C1,2019–20,R5C11,Guilty outcome,R24C1,Method of finalisation,R21C1
24,12,R24C12,2766,Summary characteristics,R5C1,2020–21,R5C12,Guilty outcome,R24C1,Method of finalisation,R21C1
24,13,R24C13,3102,Summary characteristics,R5C1,2021–22,R5C13,Guilty outcome,R24C1,Method of finalisation,R21C1
24,14,R24C14,3772,Summary characteristics,R5C1,2022–23,R5C14,Guilty outcome,R24C1,Method of finalisation,R21C1
25,2,R25C2,97,Summary characteristics,R5C1,2010–11,R5C2,Guilty finding by the court,R25C1,Method of finalisation,R21C1
25,3,R25C3,102,Summary characteristics,R5C1,2011–12,R5C3,Guilty finding by the court,R25C1,Method of finalisation,R21C1
25,4,R25C4,99,Summary characteristics,R5C1,2012–13,R5C4,Guilty finding by the court,R25C1,Method of finalisation,R21C1
25,5,R25C5,131,Summary characteristics,R5C1,2013–14,R5C5,Guilty finding by the court,R25C1,Method of finalisation,R21C1
25,6,R25C6,159,Summary characteristics,R5C1,2014–15,R5C6,Guilty finding by the court,R25C1,Method of finalisation,R21C1
25,7,R25C7,151,Summary characteristics,R5C1,2015–16,R5C7,Guilty finding by the court,R25C1,Method of finalisation,R21C1
25,8,R25C8,152,Summary characteristics,R5C1,2016–17,R5C8,Guilty finding by the court,R25C1,Method of finalisation,R21C1
25,9,R25C9,187,Summary characteristics,R5C1,2017–18,R5C9,Guilty finding by the court,R25C1,Method of finalisation,R21C1
25,10,R25C10,177,Summary characteristics,R5C1,2018–19,R5C10,Guilty finding by the court,R25C1,Method of finalisation,R21C1
25,11,R25C11,148,Summary characteristics,R5C1,2019–20,R5C11,Guilty finding by the court,R25C1,Method of finalisation,R21C1
25,12,R25C12,140,Summary characteristics,R5C1,2020–21,R5C12,Guilty finding by the court,R25C1,Method of finalisation,R21C1
25,13,R25C13,133,Summary characteristics,R5C1,2021–22,R5C13,Guilty finding by the court,R25C1,Method of finalisation,R21C1
25,14,R25C14,175,Summary characteristics,R5C1,2022–23,R5C14,Guilty finding by the court,R25C1,Method of finalisation,R21C1
26,2,R26C2,1051,Summary characteristics,R5C1,2010–11,R5C2,Guilty plea by defendant,R26C1,Method of finalisation,R21C1
26,3,R26C3,1171,Summary characteristics,R5C1,2011–12,R5C3,Guilty plea by defendant,R26C1,Method of finalisation,R21C1
26,4,R26C4,1408,Summary characteristics,R5C1,2012–13,R5C4,Guilty plea by defendant,R26C1,Method of finalisation,R21C1
26,5,R26C5,1626,Summary characteristics,R5C1,2013–14,R5C5,Guilty plea by defendant,R26C1,Method of finalisation,R21C1
26,6,R26C6,1870,Summary characteristics,R5C1,2014–15,R5C6,Guilty plea by defendant,R26C1,Method of finalisation,R21C1
26,7,R26C7,2285,Summary characteristics,R5C1,2015–16,R5C7,Guilty plea by defendant,R26C1,Method of finalisation,R21C1
26,8,R26C8,2460,Summary characteristics,R5C1,2016–17,R5C8,Guilty plea by defendant,R26C1,Method of finalisation,R21C1
26,9,R26C9,2514,Summary characteristics,R5C1,2017–18,R5C9,Guilty plea by defendant,R26C1,Method of finalisation,R21C1
26,10,R26C10,2484,Summary characteristics,R5C1,2018–19,R5C10,Guilty plea by defendant,R26C1,Method of finalisation,R21C1
26,11,R26C11,2198,Summary characteristics,R5C1,2019–20,R5C11,Guilty plea by defendant,R26C1,Method of finalisation,R21C1
26,12,R26C12,2554,Summary characteristics,R5C1,2020–21,R5C12,Guilty plea by defendant,R26C1,Method of finalisation,R21C1
26,13,R26C13,2889,Summary characteristics,R5C1,2021–22,R5C13,Guilty plea by defendant,R26C1,Method of finalisation,R21C1
26,14,R26C14,3512,Summary characteristics,R5C1,2022–23,R5C14,Guilty plea by defendant,R26C1,Method of finalisation,R21C1
27,2,R27C2,35,Summary characteristics,R5C1,2010–11,R5C2,Guilty ex-parte,R27C1,Method of finalisation,R21C1
27,3,R27C3,37,Summary characteristics,R5C1,2011–12,R5C3,Guilty ex-parte,R27C1,Method of finalisation,R21C1
27,4,R27C4,46,Summary characteristics,R5C1,2012–13,R5C4,Guilty ex-parte,R27C1,Method of finalisation,R21C1
27,5,R27C5,37,Summary characteristics,R5C1,2013–14,R5C5,Guilty ex-parte,R27C1,Method of finalisation,R21C1
27,6,R27C6,63,Summary characteristics,R5C1,2014–15,R5C6,Guilty ex-parte,R27C1,Method of finalisation,R21C1
27,7,R27C7,52,Summary characteristics,R5C1,2015–16,R5C7,Guilty ex-parte,R27C1,Method of finalisation,R21C1
27,8,R27C8,52,Summary characteristics,R5C1,2016–17,R5C8,Guilty ex-parte,R27C1,Method of finalisation,R21C1
27,9,R27C9,43,Summary characteristics,R5C1,2017–18,R5C9,Guilty ex-parte,R27C1,Method of finalisation,R21C1
27,10,R27C10,55,Summary characteristics,R5C1,2018–19,R5C10,Guilty ex-parte,R27C1,Method of finalisation,R21C1
27,11,R27C11,39,Summary characteristics,R5C1,2019–20,R5C11,Guilty ex-parte,R27C1,Method of finalisation,R21C1
27,12,R27C12,70,Summary characteristics,R5C1,2020–21,R5C12,Guilty ex-parte,R27C1,Method of finalisation,R21C1
27,13,R27C13,73,Summary characteristics,R5C1,2021–22,R5C13,Guilty ex-parte,R27C1,Method of finalisation,R21C1
27,14,R27C14,72,Summary characteristics,R5C1,2022–23,R5C14,Guilty ex-parte,R27C1,Method of finalisation,R21C1
28,2,R28C2,27,Summary characteristics,R5C1,2010–11,R5C2,Transfer to other court levels,R28C1,Method of finalisation,R21C1
28,3,R28C3,33,Summary characteristics,R5C1,2011–12,R5C3,Transfer to other court levels,R28C1,Method of finalisation,R21C1
28,4,R28C4,33,Summary characteristics,R5C1,2012–13,R5C4,Transfer to other court levels,R28C1,Method of finalisation,R21C1
28,5,R28C5,35,Summary characteristics,R5C1,2013–14,R5C5,Transfer to other court levels,R28C1,Method of finalisation,R21C1
28,6,R28C6,36,Summary characteristics,R5C1,2014–15,R5C6,Transfer to other court levels,R28C1,Method of finalisation,R21C1
28,7,R28C7,43,Summary characteristics,R5C1,2015–16,R5C7,Transfer to other court levels,R28C1,Method of finalisation,R21C1
28,8,R28C8,57,Summary characteristics,R5C1,2016–17,R5C8,Transfer to other court levels,R28C1,Method of finalisation,R21C1
28,9,R28C9,72,Summary characteristics,R5C1,2017–18,R5C9,Transfer to other court levels,R28C1,Method of finalisation,R21C1
28,10,R28C10,64,Summary characteristics,R5C1,2018–19,R5C10,Transfer to other court levels,R28C1,Method of finalisation,R21C1
28,11,R28C11,46,Summary characteristics,R5C1,2019–20,R5C11,Transfer to other court levels,R28C1,Method of finalisation,R21C1
28,12,R28C12,52,Summary characteristics,R5C1,2020–21,R5C12,Transfer to other court levels,R28C1,Method of finalisation,R21C1
28,13,R28C13,70,Summary characteristics,R5C1,2021–22,R5C13,Transfer to other court levels,R28C1,Method of finalisation,R21C1
28,14,R28C14,61,Summary characteristics,R5C1,2022–23,R5C14,Transfer to other court levels,R28C1,Method of finalisation,R21C1
29,2,R29C2,387,Summary characteristics,R5C1,2010–11,R5C2,Withdrawn by prosecution,R29C1,Method of finalisation,R21C1
29,3,R29C3,429,Summary characteristics,R5C1,2011–12,R5C3,Withdrawn by prosecution,R29C1,Method of finalisation,R21C1
29,4,R29C4,598,Summary characteristics,R5C1,2012–13,R5C4,Withdrawn by prosecution,R29C1,Method of finalisation,R21C1
29,5,R29C5,685,Summary characteristics,R5C1,2013–14,R5C5,Withdrawn by prosecution,R29C1,Method of finalisation,R21C1
29,6,R29C6,795,Summary characteristics,R5C1,2014–15,R5C6,Withdrawn by prosecution,R29C1,Method of finalisation,R21C1
29,7,R29C7,861,Summary characteristics,R5C1,2015–16,R5C7,Withdrawn by prosecution,R29C1,Method of finalisation,R21C1
29,8,R29C8,1057,Summary characteristics,R5C1,2016–17,R5C8,Withdrawn by prosecution,R29C1,Method of finalisation,R21C1
29,9,R29C9,1062,Summary characteristics,R5C1,2017–18,R5C9,Withdrawn by prosecution,R29C1,Method of finalisation,R21C1
29,10,R29C10,976,Summary characteristics,R5C1,2018–19,R5C10,Withdrawn by prosecution,R29C1,Method of finalisation,R21C1
29,11,R29C11,888,Summary characteristics,R5C1,2019–20,R5C11,Withdrawn by prosecution,R29C1,Method of finalisation,R21C1
29,12,R29C12,913,Summary characteristics,R5C1,2020–21,R5C12,Withdrawn by prosecution,R29C1,Method of finalisation,R21C1
29,13,R29C13,1215,Summary characteristics,R5C1,2021–22,R5C13,Withdrawn by prosecution,R29C1,Method of finalisation,R21C1
29,14,R29C14,1303,Summary characteristics,R5C1,2022–23,R5C14,Withdrawn by prosecution,R29C1,Method of finalisation,R21C1
32,2,R32C2,16.8,Summary characteristics,R5C1,2010–11,R5C2,Mean (weeks),R32C1,Duration,R31C1
32,3,R32C3,17.6,Summary characteristics,R5C1,2011–12,R5C3,Mean (weeks),R32C1,Duration,R31C1
32,4,R32C4,17.3,Summary characteristics,R5C1,2012–13,R5C4,Mean (weeks),R32C1,Duration,R31C1
32,5,R32C5,15.7,Summary characteristics,R5C1,2013–14,R5C5,Mean (weeks),R32C1,Duration,R31C1
32,6,R32C6,16,Summary characteristics,R5C1,2014–15,R5C6,Mean (weeks),R32C1,Duration,R31C1
32,7,R32C7,16.2,Summary characteristics,R5C1,2015–16,R5C7,Mean (weeks),R32C1,Duration,R31C1
32,8,R32C8,16.6,Summary characteristics,R5C1,2016–17,R5C8,Mean (weeks),R32C1,Duration,R31C1
32,9,R32C9,16.9,Summary characteristics,R5C1,2017–18,R5C9,Mean (weeks),R32C1,Duration,R31C1
32,10,R32C10,17.8,Summary characteristics,R5C1,2018–19,R5C10,Mean (weeks),R32C1,Duration,R31C1
32,11,R32C11,18.5,Summary characteristics,R5C1,2019–20,R5C11,Mean (weeks),R32C1,Duration,R31C1
32,12,R32C12,22.8,Summary characteristics,R5C1,2020–21,R5C12,Mean (weeks),R32C1,Duration,R31C1
32,13,R32C13,25.7,Summary characteristics,R5C1,2021–22,R5C13,Mean (weeks),R32C1,Duration,R31C1
32,14,R32C14,24.9,Summary characteristics,R5C1,2022–23,R5C14,Mean (weeks),R32C1,Duration,R31C1
33,2,R33C2,10.5,Summary characteristics,R5C1,2010–11,R5C2,Median (weeks),R33C1,Duration,R31C1
33,3,R33C3,11.1,Summary characteristics,R5C1,2011–12,R5C3,Median (weeks),R33C1,Duration,R31C1
33,4,R33C4,10,Summary characteristics,R5C1,2012–13,R5C4,Median (weeks),R33C1,Duration,R31C1
33,5,R33C5,9.7,Summary characteristics,R5C1,2013–14,R5C5,Median (weeks),R33C1,Duration,R31C1
33,6,R33C6,10.4,Summary characteristics,R5C1,2014–15,R5C6,Median (weeks),R33C1,Duration,R31C1
33,7,R33C7,9.6,Summary characteristics,R5C1,2015–16,R5C7,Median (weeks),R33C1,Duration,R31C1
33,8,R33C8,10.4,Summary characteristics,R5C1,2016–17,R5C8,Median (weeks),R33C1,Duration,R31C1
33,9,R33C9,10.9,Summary characteristics,R5C1,2017–18,R5C9,Median (weeks),R33C1,Duration,R31C1
33,10,R33C10,10.7,Summary characteristics,R5C1,2018–19,R5C10,Median (weeks),R33C1,Duration,R31C1
33,11,R33C11,11.3,Summary characteristics,R5C1,2019–20,R5C11,Median (weeks),R33C1,Duration,R31C1
33,12,R33C12,13.4,Summary characteristics,R5C1,2020–21,R5C12,Median (weeks),R33C1,Duration,R31C1
33,13,R33C13,14.2,Summary characteristics,R5C1,2021–22,R5C13,Median (weeks),R33C1,Duration,R31C1
33,14,R33C14,13.6,Summary characteristics,R5C1,2022–23,R5C14,Median (weeks),R33C1,Duration,R31C1
34,2,R34C2,1743,Summary characteristics,R5C1,2010–11,R5C2,Total finalised,R34C1,Duration,R31C1
34,3,R34C3,1940,Summary characteristics,R5C1,2011–12,R5C3,Total finalised,R34C1,Duration,R31C1
34,4,R34C4,2312,Summary characteristics,R5C1,2012–13,R5C4,Total finalised,R34C1,Duration,R31C1
34,5,R34C5,2652,Summary characteristics,R5C1,2013–14,R5C5,Total finalised,R34C1,Duration,R31C1
34,6,R34C6,3098,Summary characteristics,R5C1,2014–15,R5C6,Total finalised,R34C1,Duration,R31C1
34,7,R34C7,3545,Summary characteristics,R5C1,2015–16,R5C7,Total finalised,R34C1,Duration,R31C1
34,8,R34C8,3951,Summary characteristics,R5C1,2016–17,R5C8,Total finalised,R34C1,Duration,R31C1
34,9,R34C9,4043,Summary characteristics,R5C1,2017–18,R5C9,Total finalised,R34C1,Duration,R31C1
34,10,R34C10,3917,Summary characteristics,R5C1,2018–19,R5C10,Total finalised,R34C1,Duration,R31C1
34,11,R34C11,3508,Summary characteristics,R5C1,2019–20,R5C11,Total finalised,R34C1,Duration,R31C1
34,12,R34C12,3923,Summary characteristics,R5C1,2020–21,R5C12,Total finalised,R34C1,Duration,R31C1
34,13,R34C13,4584,Summary characteristics,R5C1,2021–22,R5C13,Total finalised,R34C1,Duration,R31C1
34,14,R34C14,5380,Summary characteristics,R5C1,2022–23,R5C14,Total finalised,R34C1,Duration,R31C1
37,2,R37C2,123,Summary characteristics,R5C1,2010–11,R5C2,Custody in a correctional institution,R37C1,Principal federal sentence,R36C1
37,3,R37C3,124,Summary characteristics,R5C1,2011–12,R5C3,Custody in a correctional institution,R37C1,Principal federal sentence,R36C1
37,4,R37C4,138,Summary characteristics,R5C1,2012–13,R5C4,Custody in a correctional institution,R37C1,Principal federal sentence,R36C1
37,5,R37C5,196,Summary characteristics,R5C1,2013–14,R5C5,Custody in a correctional institution,R37C1,Principal federal sentence,R36C1
37,6,R37C6,233,Summary characteristics,R5C1,2014–15,R5C6,Custody in a correctional institution,R37C1,Principal federal sentence,R36C1
37,7,R37C7,251,Summary characteristics,R5C1,2015–16,R5C7,Custody in a correctional institution,R37C1,Principal federal sentence,R36C1
37,8,R37C8,302,Summary characteristics,R5C1,2016–17,R5C8,Custody in a correctional institution,R37C1,Principal federal sentence,R36C1
37,9,R37C9,326,Summary characteristics,R5C1,2017–18,R5C9,Custody in a correctional institution,R37C1,Principal federal sentence,R36C1
37,10,R37C10,275,Summary characteristics,R5C1,2018–19,R5C10,Custody in a correctional institution,R37C1,Principal federal sentence,R36C1
37,11,R37C11,288,Summary characteristics,R5C1,2019–20,R5C11,Custody in a correctional institution,R37C1,Principal federal sentence,R36C1
37,12,R37C12,258,Summary characteristics,R5C1,2020–21,R5C12,Custody in a correctional institution,R37C1,Principal federal sentence,R36C1
37,13,R37C13,320,Summary characteristics,R5C1,2021–22,R5C13,Custody in a correctional institution,R37C1,Principal federal sentence,R36C1
37,14,R37C14,376,Summary characteristics,R5C1,2022–23,R5C14,Custody in a correctional institution,R37C1,Principal federal sentence,R36C1
38,2,R38C2,8,Summary characteristics,R5C1,2010–11,R5C2,Intensive penalty in the community,R38C1,Principal federal sentence,R36C1
38,3,R38C3,3,Summary characteristics,R5C1,2011–12,R5C3,Intensive penalty in the community,R38C1,Principal federal sentence,R36C1
38,4,R38C4,11,Summary characteristics,R5C1,2012–13,R5C4,Intensive penalty in the community,R38C1,Principal federal sentence,R36C1
38,5,R38C5,7,Summary characteristics,R5C1,2013–14,R5C5,Intensive penalty in the community,R38C1,Principal federal sentence,R36C1
38,6,R38C6,15,Summary characteristics,R5C1,2014–15,R5C6,Intensive penalty in the community,R38C1,Principal federal sentence,R36C1
38,7,R38C7,25,Summary characteristics,R5C1,2015–16,R5C7,Intensive penalty in the community,R38C1,Principal federal sentence,R36C1
38,8,R38C8,20,Summary characteristics,R5C1,2016–17,R5C8,Intensive penalty in the community,R38C1,Principal federal sentence,R36C1
38,9,R38C9,27,Summary characteristics,R5C1,2017–18,R5C9,Intensive penalty in the community,R38C1,Principal federal sentence,R36C1
38,10,R38C10,54,Summary characteristics,R5C1,2018–19,R5C10,Intensive penalty in the community,R38C1,Principal federal sentence,R36C1
38,11,R38C11,73,Summary characteristics,R5C1,2019–20,R5C11,Intensive penalty in the community,R38C1,Principal federal sentence,R36C1
38,12,R38C12,60,Summary characteristics,R5C1,2020–21,R5C12,Intensive penalty in the community,R38C1,Principal federal sentence,R36C1
38,13,R38C13,65,Summary characteristics,R5C1,2021–22,R5C13,Intensive penalty in the community,R38C1,Principal federal sentence,R36C1
38,14,R38C14,71,Summary characteristics,R5C1,2022–23,R5C14,Intensive penalty in the community,R38C1,Principal federal sentence,R36C1
39,2,R39C2,55,Summary characteristics,R5C1,2010–11,R5C2,Fully suspended sentence of imprisonment,R39C1,Principal federal sentence,R36C1
39,3,R39C3,61,Summary characteristics,R5C1,2011–12,R5C3,Fully suspended sentence of imprisonment,R39C1,Principal federal sentence,R36C1
39,4,R39C4,66,Summary characteristics,R5C1,2012–13,R5C4,Fully suspended sentence of imprisonment,R39C1,Principal federal sentence,R36C1
39,5,R39C5,78,Summary characteristics,R5C1,2013–14,R5C5,Fully suspended sentence of imprisonment,R39C1,Principal federal sentence,R36C1
39,6,R39C6,94,Summary characteristics,R5C1,2014–15,R5C6,Fully suspended sentence of imprisonment,R39C1,Principal federal sentence,R36C1
39,7,R39C7,129,Summary characteristics,R5C1,2015–16,R5C7,Fully suspended sentence of imprisonment,R39C1,Principal federal sentence,R36C1
39,8,R39C8,103,Summary characteristics,R5C1,2016–17,R5C8,Fully suspended sentence of imprisonment,R39C1,Principal federal sentence,R36C1
39,9,R39C9,119,Summary characteristics,R5C1,2017–18,R5C9,Fully suspended sentence of imprisonment,R39C1,Principal federal sentence,R36C1
39,10,R39C10,72,Summary characteristics,R5C1,2018–19,R5C10,Fully suspended sentence of imprisonment,R39C1,Principal federal sentence,R36C1
39,11,R39C11,40,Summary characteristics,R5C1,2019–20,R5C11,Fully suspended sentence of imprisonment,R39C1,Principal federal sentence,R36C1
39,12,R39C12,47,Summary characteristics,R5C1,2020–21,R5C12,Fully suspended sentence of imprisonment,R39C1,Principal federal sentence,R36C1
39,13,R39C13,29,Summary characteristics,R5C1,2021–22,R5C13,Fully suspended sentence of imprisonment,R39C1,Principal federal sentence,R36C1
39,14,R39C14,21,Summary characteristics,R5C1,2022–23,R5C14,Fully suspended sentence of imprisonment,R39C1,Principal federal sentence,R36C1
40,2,R40C2,45,Summary characteristics,R5C1,2010–11,R5C2,Community service / work,R40C1,Principal federal sentence,R36C1
40,3,R40C3,46,Summary characteristics,R5C1,2011–12,R5C3,Community service / work,R40C1,Principal federal sentence,R36C1
40,4,R40C4,69,Summary characteristics,R5C1,2012–13,R5C4,Community service / work,R40C1,Principal federal sentence,R36C1
40,5,R40C5,52,Summary characteristics,R5C1,2013–14,R5C5,Community service / work,R40C1,Principal federal sentence,R36C1
40,6,R40C6,78,Summary characteristics,R5C1,2014–15,R5C6,Community service / work,R40C1,Principal federal sentence,R36C1
40,7,R40C7,107,Summary characteristics,R5C1,2015–16,R5C7,Community service / work,R40C1,Principal federal sentence,R36C1
40,8,R40C8,91,Summary characteristics,R5C1,2016–17,R5C8,Community service / work,R40C1,Principal federal sentence,R36C1
40,9,R40C9,95,Summary characteristics,R5C1,2017–18,R5C9,Community service / work,R40C1,Principal federal sentence,R36C1
40,10,R40C10,54,Summary characteristics,R5C1,2018–19,R5C10,Community service / work,R40C1,Principal federal sentence,R36C1
40,11,R40C11,53,Summary characteristics,R5C1,2019–20,R5C11,Community service / work,R40C1,Principal federal sentence,R36C1
40,12,R40C12,39,Summary characteristics,R5C1,2020–21,R5C12,Community service / work,R40C1,Principal federal sentence,R36C1
40,13,R40C13,54,Summary characteristics,R5C1,2021–22,R5C13,Community service / work,R40C1,Principal federal sentence,R36C1
40,14,R40C14,56,Summary characteristics,R5C1,2022–23,R5C14,Community service / work,R40C1,Principal federal sentence,R36C1
41,2,R41C2,39,Summary characteristics,R5C1,2010–11,R5C2,Moderate penalty in the community,R41C1,Principal federal sentence,R36C1
41,3,R41C3,47,Summary characteristics,R5C1,2011–12,R5C3,Moderate penalty in the community,R41C1,Principal federal sentence,R36C1
41,4,R41C4,62,Summary characteristics,R5C1,2012–13,R5C4,Moderate penalty in the community,R41C1,Principal federal sentence,R36C1
41,5,R41C5,90,Summary characteristics,R5C1,2013–14,R5C5,Moderate penalty in the community,R41C1,Principal federal sentence,R36C1
41,6,R41C6,98,Summary characteristics,R5C1,2014–15,R5C6,Moderate penalty in the community,R41C1,Principal federal sentence,R36C1
41,7,R41C7,148,Summary characteristics,R5C1,2015–16,R5C7,Moderate penalty in the community,R41C1,Principal federal sentence,R36C1
41,8,R41C8,148,Summary characteristics,R5C1,2016–17,R5C8,Moderate penalty in the community,R41C1,Principal federal sentence,R36C1
41,9,R41C9,137,Summary characteristics,R5C1,2017–18,R5C9,Moderate penalty in the community,R41C1,Principal federal sentence,R36C1
41,10,R41C10,187,Summary characteristics,R5C1,2018–19,R5C10,Moderate penalty in the community,R41C1,Principal federal sentence,R36C1
41,11,R41C11,174,Summary characteristics,R5C1,2019–20,R5C11,Moderate penalty in the community,R41C1,Principal federal sentence,R36C1
41,12,R41C12,264,Summary characteristics,R5C1,2020–21,R5C12,Moderate penalty in the community,R41C1,Principal federal sentence,R36C1
41,13,R41C13,308,Summary characteristics,R5C1,2021–22,R5C13,Moderate penalty in the community,R41C1,Principal federal sentence,R36C1
41,14,R41C14,508,Summary characteristics,R5C1,2022–23,R5C14,Moderate penalty in the community,R41C1,Principal federal sentence,R36C1
42,2,R42C2,403,Summary characteristics,R5C1,2010–11,R5C2,Monetary penalties,R42C1,Principal federal sentence,R36C1
42,3,R42C3,411,Summary characteristics,R5C1,2011–12,R5C3,Monetary penalties,R42C1,Principal federal sentence,R36C1
42,4,R42C4,540,Summary characteristics,R5C1,2012–13,R5C4,Monetary penalties,R42C1,Principal federal sentence,R36C1
42,5,R42C5,576,Summary characteristics,R5C1,2013–14,R5C5,Monetary penalties,R42C1,Principal federal sentence,R36C1
42,6,R42C6,668,Summary characteristics,R5C1,2014–15,R5C6,Monetary penalties,R42C1,Principal federal sentence,R36C1
42,7,R42C7,767,Summary characteristics,R5C1,2015–16,R5C7,Monetary penalties,R42C1,Principal federal sentence,R36C1
42,8,R42C8,776,Summary characteristics,R5C1,2016–17,R5C8,Monetary penalties,R42C1,Principal federal sentence,R36C1
42,9,R42C9,807,Summary characteristics,R5C1,2017–18,R5C9,Monetary penalties,R42C1,Principal federal sentence,R36C1
42,10,R42C10,688,Summary characteristics,R5C1,2018–19,R5C10,Monetary penalties,R42C1,Principal federal sentence,R36C1
42,11,R42C11,637,Summary characteristics,R5C1,2019–20,R5C11,Monetary penalties,R42C1,Principal federal sentence,R36C1
42,12,R42C12,783,Summary characteristics,R5C1,2020–21,R5C12,Monetary penalties,R42C1,Principal federal sentence,R36C1
42,13,R42C13,938,Summary characteristics,R5C1,2021–22,R5C13,Monetary penalties,R42C1,Principal federal sentence,R36C1
42,14,R42C14,1073,Summary characteristics,R5C1,2022–23,R5C14,Monetary penalties,R42C1,Principal federal sentence,R36C1
43,2,R43C2,400,Summary characteristics,R5C1,2010–11,R5C2,Fines,R43C1,Principal federal sentence,R36C1
43,3,R43C3,412,Summary characteristics,R5C1,2011–12,R5C3,Fines,R43C1,Principal federal sentence,R36C1
43,4,R43C4,538,Summary characteristics,R5C1,2012–13,R5C4,Fines,R43C1,Principal federal sentence,R36C1
43,5,R43C5,568,Summary characteristics,R5C1,2013–14,R5C5,Fines,R43C1,Principal federal sentence,R36C1
43,6,R43C6,660,Summary characteristics,R5C1,2014–15,R5C6,Fines,R43C1,Principal federal sentence,R36C1
43,7,R43C7,758,Summary characteristics,R5C1,2015–16,R5C7,Fines,R43C1,Principal federal sentence,R36C1
43,8,R43C8,763,Summary characteristics,R5C1,2016–17,R5C8,Fines,R43C1,Principal federal sentence,R36C1
43,9,R43C9,798,Summary characteristics,R5C1,2017–18,R5C9,Fines,R43C1,Principal federal sentence,R36C1
43,10,R43C10,681,Summary characteristics,R5C1,2018–19,R5C10,Fines,R43C1,Principal federal sentence,R36C1
43,11,R43C11,630,Summary characteristics,R5C1,2019–20,R5C11,Fines,R43C1,Principal federal sentence,R36C1
43,12,R43C12,778,Summary characteristics,R5C1,2020–21,R5C12,Fines,R43C1,Principal federal sentence,R36C1
43,13,R43C13,929,Summary characteristics,R5C1,2021–22,R5C13,Fines,R43C1,Principal federal sentence,R36C1
43,14,R43C14,1062,Summary characteristics,R5C1,2022–23,R5C14,Fines,R43C1,Principal federal sentence,R36C1
44,2,R44C2,442,Summary characteristics,R5C1,2010–11,R5C2,Good behaviour (incl. bonds),R44C1,Principal federal sentence,R36C1
44,3,R44C3,521,Summary characteristics,R5C1,2011–12,R5C3,Good behaviour (incl. bonds),R44C1,Principal federal sentence,R36C1
44,4,R44C4,604,Summary characteristics,R5C1,2012–13,R5C4,Good behaviour (incl. bonds),R44C1,Principal federal sentence,R36C1
44,5,R44C5,659,Summary characteristics,R5C1,2013–14,R5C5,Good behaviour (incl. bonds),R44C1,Principal federal sentence,R36C1
44,6,R44C6,756,Summary characteristics,R5C1,2014–15,R5C6,Good behaviour (incl. bonds),R44C1,Principal federal sentence,R36C1
44,7,R44C7,857,Summary characteristics,R5C1,2015–16,R5C7,Good behaviour (incl. bonds),R44C1,Principal federal sentence,R36C1
44,8,R44C8,981,Summary characteristics,R5C1,2016–17,R5C8,Good behaviour (incl. bonds),R44C1,Principal federal sentence,R36C1
44,9,R44C9,988,Summary characteristics,R5C1,2017–18,R5C9,Good behaviour (incl. bonds),R44C1,Principal federal sentence,R36C1
44,10,R44C10,1047,Summary characteristics,R5C1,2018–19,R5C10,Good behaviour (incl. bonds),R44C1,Principal federal sentence,R36C1
44,11,R44C11,827,Summary characteristics,R5C1,2019–20,R5C11,Good behaviour (incl. bonds),R44C1,Principal federal sentence,R36C1
44,12,R44C12,940,Summary characteristics,R5C1,2020–21,R5C12,Good behaviour (incl. bonds),R44C1,Principal federal sentence,R36C1
44,13,R44C13,957,Summary characteristics,R5C1,2021–22,R5C13,Good behaviour (incl. bonds),R44C1,Principal federal sentence,R36C1
44,14,R44C14,1117,Summary characteristics,R5C1,2022–23,R5C14,Good behaviour (incl. bonds),R44C1,Principal federal sentence,R36C1
45,2,R45C2,83,Summary characteristics,R5C1,2010–11,R5C2,Nominal and other penalties,R45C1,Principal federal sentence,R36C1
45,3,R45C3,94,Summary characteristics,R5C1,2011–12,R5C3,Nominal and other penalties,R45C1,Principal federal sentence,R36C1
45,4,R45C4,65,Summary characteristics,R5C1,2012–13,R5C4,Nominal and other penalties,R45C1,Principal federal sentence,R36C1
45,5,R45C5,148,Summary characteristics,R5C1,2013–14,R5C5,Nominal and other penalties,R45C1,Principal federal sentence,R36C1
45,6,R45C6,161,Summary characteristics,R5C1,2014–15,R5C6,Nominal and other penalties,R45C1,Principal federal sentence,R36C1
45,7,R45C7,207,Summary characteristics,R5C1,2015–16,R5C7,Nominal and other penalties,R45C1,Principal federal sentence,R36C1
45,8,R45C8,247,Summary characteristics,R5C1,2016–17,R5C8,Nominal and other penalties,R45C1,Principal federal sentence,R36C1
45,9,R45C9,250,Summary characteristics,R5C1,2017–18,R5C9,Nominal and other penalties,R45C1,Principal federal sentence,R36C1
45,10,R45C10,348,Summary characteristics,R5C1,2018–19,R5C10,Nominal and other penalties,R45C1,Principal federal sentence,R36C1
45,11,R45C11,299,Summary characteristics,R5C1,2019–20,R5C11,Nominal and other penalties,R45C1,Principal federal sentence,R36C1
45,12,R45C12,385,Summary characteristics,R5C1,2020–21,R5C12,Nominal and other penalties,R45C1,Principal federal sentence,R36C1
45,13,R45C13,434,Summary characteristics,R5C1,2021–22,R5C13,Nominal and other penalties,R45C1,Principal federal sentence,R36C1
45,14,R45C14,550,Summary characteristics,R5C1,2022–23,R5C14,Nominal and other penalties,R45C1,Principal federal sentence,R36C1
46,2,R46C2,1202,Summary characteristics,R5C1,2010–11,R5C2,Total guilty outcome,R46C1,Principal federal sentence,R36C1
46,3,R46C3,1314,Summary characteristics,R5C1,2011–12,R5C3,Total guilty outcome,R46C1,Principal federal sentence,R36C1
46,4,R46C4,1550,Summary characteristics,R5C1,2012–13,R5C4,Total guilty outcome,R46C1,Principal federal sentence,R36C1
46,5,R46C5,1808,Summary characteristics,R5C1,2013–14,R5C5,Total guilty outcome,R46C1,Principal federal sentence,R36C1
46,6,R46C6,2097,Summary characteristics,R5C1,2014–15,R5C6,Total guilty outcome,R46C1,Principal federal sentence,R36C1
46,7,R46C7,2490,Summary characteristics,R5C1,2015–16,R5C7,Total guilty outcome,R46C1,Principal federal sentence,R36C1
46,8,R46C8,2670,Summary characteristics,R5C1,2016–17,R5C8,Total guilty outcome,R46C1,Principal federal sentence,R36C1
46,9,R46C9,2748,Summary characteristics,R5C1,2017–18,R5C9,Total guilty outcome,R46C1,Principal federal sentence,R36C1
46,10,R46C10,2712,Summary characteristics,R5C1,2018–19,R5C10,Total guilty outcome,R46C1,Principal federal sentence,R36C1
46,11,R46C11,2391,Summary characteristics,R5C1,2019–20,R5C11,Total guilty outcome,R46C1,Principal federal sentence,R36C1
46,12,R46C12,2766,Summary characteristics,R5C1,2020–21,R5C12,Total guilty outcome,R46C1,Principal federal sentence,R36C1
46,13,R46C13,3102,Summary characteristics,R5C1,2021–22,R5C13,Total guilty outcome,R46C1,Principal federal sentence,R36C1
46,14,R46C14,3772,Summary characteristics,R5C1,2022–23,R5C14,Total guilty outcome,R46C1,Principal federal sentence,R36C1
