row,col,address,.value,sex,sex_source,indigenous_status,indigenous_status_source,rate_type,rate_type_source,state,state_source
8,2,R8C2,3703.6,Males,R7C1,Aboriginal and Torres Strait Islander,R8C1,CRUDE RATE,R6C1,NSW,R5C2
8,3,R8C3,3161,Males,R7C1,Aboriginal and Torres Strait Islander,R8C1,CRUDE RATE,R6C1,Vic.,R5C3
8,4,R8C4,4090.3,Males,R7C1,Aboriginal and Torres Strait Islander,R8C1,CRUDE RATE,R6C1,Qld,R5C4
8,5,R8C5,4753.4,Males,R7C1,Aboriginal and Torres Strait Islander,R8C1,CRUDE RATE,R6C1,SA,R5C5
8,6,R8C6,6505.4,Males,R7C1,Aboriginal and Torres Strait Islander,R8C1,CRUDE RATE,R6C1,WA,R5C6
8,7,R8C7,1326,Males,R7C1,Aboriginal and Torres Strait Islander,R8C1,CRUDE RATE,R6C1,Tas.,R5C7
8,8,R8C8,5866.3,Males,R7C1,Aboriginal and Torres Strait Islander,R8C1,CRUDE RATE,R6C1,NT,R5C8
8,9,R8C9,3024.3,Males,R7C1,Aboriginal and Torres Strait Islander,R8C1,CRUDE RATE,R6C1,ACT,R5C9
8,10,R8C10,4302.6,Males,R7C1,Aboriginal and Torres Strait Islander,R8C1,CRUDE RATE,R6C1,Aust.,R5C10
9,2,R9C2,272.3,Males,R7C1,Non-Indigenous,R9C1,CRUDE RATE,R6C1,NSW,R5C2
9,3,R9C3,215.2,Males,R7C1,Non-Indigenous,R9C1,CRUDE RATE,R6C1,Vic.,R5C3
9,4,R9C4,283.4,Males,R7C1,Non-Indigenous,R9C1,CRUDE RATE,R6C1,Qld,R5C4
9,5,R9C5,306,Males,R7C1,Non-Indigenous,R9C1,CRUDE RATE,R6C1,SA,R5C5
9,6,R9C6,334.1,Males,R7C1,Non-Indigenous,R9C1,CRUDE RATE,R6C1,WA,R5C6
9,7,R9C7,213.1,Males,R7C1,Non-Indigenous,R9C1,CRUDE RATE,R6C1,Tas.,R5C7
9,8,R9C8,343.5,Males,R7C1,Non-Indigenous,R9C1,CRUDE RATE,R6C1,NT,R5C8
9,9,R9C9,152.8,Males,R7C1,Non-Indigenous,R9C1,CRUDE RATE,R6C1,ACT,R5C9
9,10,R9C10,265.6,Males,R7C1,Non-Indigenous,R9C1,CRUDE RATE,R6C1,Aust.,R5C10
10,2,R10C2,370.1,Males,R7C1,Total,R10C1,CRUDE RATE,R6C1,NSW,R5C2
10,3,R10C3,245.6,Males,R7C1,Total,R10C1,CRUDE RATE,R6C1,Vic.,R5C3
10,4,R10C4,424.6,Males,R7C1,Total,R10C1,CRUDE RATE,R6C1,Qld,R5C4
10,5,R10C5,402.4,Males,R7C1,Total,R10C1,CRUDE RATE,R6C1,SA,R5C5
10,6,R10C6,537.1,Males,R7C1,Total,R10C1,CRUDE RATE,R6C1,WA,R5C6
10,7,R10C7,261,Males,R7C1,Total,R10C1,CRUDE RATE,R6C1,Tas.,R5C7
10,8,R10C8,1908.4,Males,R7C1,Total,R10C1,CRUDE RATE,R6C1,NT,R5C8
10,9,R10C9,206.4,Males,R7C1,Total,R10C1,CRUDE RATE,R6C1,ACT,R5C9
10,10,R10C10,378.9,Males,R7C1,Total,R10C1,CRUDE RATE,R6C1,Aust.,R5C10
13,2,R13C2,346.7,Females,R12C1,Aboriginal and Torres Strait Islander,R13C1,CRUDE RATE,R6C1,NSW,R5C2
13,3,R13C3,172.8,Females,R12C1,Aboriginal and Torres Strait Islander,R13C1,CRUDE RATE,R6C1,Vic.,R5C3
13,4,R13C4,467.1,Females,R12C1,Aboriginal and Torres Strait Islander,R13C1,CRUDE RATE,R6C1,Qld,R5C4
13,5,R13C5,500.9,Females,R12C1,Aboriginal and Torres Strait Islander,R13C1,CRUDE RATE,R6C1,SA,R5C5
13,6,R13C6,694.2,Females,R12C1,Aboriginal and Torres Strait Islander,R13C1,CRUDE RATE,R6C1,WA,R5C6
13,7,R13C7,110.9,Females,R12C1,Aboriginal and Torres Strait Islander,R13C1,CRUDE RATE,R6C1,Tas.,R5C7
13,8,R13C8,395.8,Females,R12C1,Aboriginal and Torres Strait Islander,R13C1,CRUDE RATE,R6C1,NT,R5C8
13,9,R13C9,178.1,Females,R12C1,Aboriginal and Torres Strait Islander,R13C1,CRUDE RATE,R6C1,ACT,R5C9
13,10,R13C10,411.6,Females,R12C1,Aboriginal and Torres Strait Islander,R13C1,CRUDE RATE,R6C1,Aust.,R5C10
14,2,R14C2,15.8,Females,R12C1,Non-Indigenous,R14C1,CRUDE RATE,R6C1,NSW,R5C2
14,3,R14C3,11.4,Females,R12C1,Non-Indigenous,R14C1,CRUDE RATE,R6C1,Vic.,R5C3
14,4,R14C4,24.3,Females,R12C1,Non-Indigenous,R14C1,CRUDE RATE,R6C1,Qld,R5C4
14,5,R14C5,18.9,Females,R12C1,Non-Indigenous,R14C1,CRUDE RATE,R6C1,SA,R5C5
14,6,R14C6,31,Females,R12C1,Non-Indigenous,R14C1,CRUDE RATE,R6C1,WA,R5C6
14,7,R14C7,14,Females,R12C1,Non-Indigenous,R14C1,CRUDE RATE,R6C1,Tas.,R5C7
14,8,R14C8,19.5,Females,R12C1,Non-Indigenous,R14C1,CRUDE RATE,R6C1,NT,R5C8
14,9,R14C9,10,Females,R12C1,Non-Indigenous,R14C1,CRUDE RATE,R6C1,ACT,R5C9
14,10,R14C10,18.1,Females,R12C1,Non-Indigenous,R14C1,CRUDE RATE,R6C1,Aust.,R5C10
15,2,R15C2,25.4,Females,R12C1,Total,R15C1,CRUDE RATE,R6C1,NSW,R5C2
15,3,R15C3,12.9,Females,R12C1,Total,R15C1,CRUDE RATE,R6C1,Vic.,R5C3
15,4,R15C4,40.7,Females,R12C1,Total,R15C1,CRUDE RATE,R6C1,Qld,R5C4
15,5,R15C5,28.9,Females,R12C1,Total,R15C1,CRUDE RATE,R6C1,SA,R5C5
15,6,R15C6,52,Females,R12C1,Total,R15C1,CRUDE RATE,R6C1,WA,R5C6
15,7,R15C7,18.5,Females,R12C1,Total,R15C1,CRUDE RATE,R6C1,Tas.,R5C7
15,8,R15C8,122.3,Females,R12C1,Total,R15C1,CRUDE RATE,R6C1,NT,R5C8
15,9,R15C9,11.5,Females,R12C1,Total,R15C1,CRUDE RATE,R6C1,ACT,R5C9
15,10,R15C10,29,Females,R12C1,Total,R15C1,CRUDE RATE,R6C1,Aust.,R5C10
18,2,R18C2,1990.7,Persons,R17C1,Aboriginal and Torres Strait Islander,R18C1,CRUDE RATE,R6C1,NSW,R5C2
18,3,R18C3,1671.2,Persons,R17C1,Aboriginal and Torres Strait Islander,R18C1,CRUDE RATE,R6C1,Vic.,R5C3
18,4,R18C4,2236.1,Persons,R17C1,Aboriginal and Torres Strait Islander,R18C1,CRUDE RATE,R6C1,Qld,R5C4
18,5,R18C5,2559.7,Persons,R17C1,Aboriginal and Torres Strait Islander,R18C1,CRUDE RATE,R6C1,SA,R5C5
18,6,R18C6,3569.4,Persons,R17C1,Aboriginal and Torres Strait Islander,R18C1,CRUDE RATE,R6C1,WA,R5C6
18,7,R18C7,730.5,Persons,R17C1,Aboriginal and Torres Strait Islander,R18C1,CRUDE RATE,R6C1,Tas.,R5C7
18,8,R18C8,3142.1,Persons,R17C1,Aboriginal and Torres Strait Islander,R18C1,CRUDE RATE,R6C1,NT,R5C8
18,9,R18C9,1650.3,Persons,R17C1,Aboriginal and Torres Strait Islander,R18C1,CRUDE RATE,R6C1,ACT,R5C9
18,10,R18C10,2329.6,Persons,R17C1,Aboriginal and Torres Strait Islander,R18C1,CRUDE RATE,R6C1,Aust.,R5C10
19,2,R19C2,141.9,Persons,R17C1,Non-Indigenous,R19C1,CRUDE RATE,R6C1,NSW,R5C2
19,3,R19C3,111.1,Persons,R17C1,Non-Indigenous,R19C1,CRUDE RATE,R6C1,Vic.,R5C3
19,4,R19C4,151.2,Persons,R17C1,Non-Indigenous,R19C1,CRUDE RATE,R6C1,Qld,R5C4
19,5,R19C5,159.4,Persons,R17C1,Non-Indigenous,R19C1,CRUDE RATE,R6C1,SA,R5C5
19,6,R19C6,181.3,Persons,R17C1,Non-Indigenous,R19C1,CRUDE RATE,R6C1,WA,R5C6
19,7,R19C7,112,Persons,R17C1,Non-Indigenous,R19C1,CRUDE RATE,R6C1,Tas.,R5C7
19,8,R19C8,183.2,Persons,R17C1,Non-Indigenous,R19C1,CRUDE RATE,R6C1,NT,R5C8
19,9,R19C9,79.6,Persons,R17C1,Non-Indigenous,R19C1,CRUDE RATE,R6C1,ACT,R5C9
19,10,R19C10,139.7,Persons,R17C1,Non-Indigenous,R19C1,CRUDE RATE,R6C1,Aust.,R5C10
20,2,R20C2,194.9,Persons,R17C1,Total,R20C1,CRUDE RATE,R6C1,NSW,R5C2
20,3,R20C3,126.9,Persons,R17C1,Total,R20C1,CRUDE RATE,R6C1,Vic.,R5C3
20,4,R20C4,228.9,Persons,R17C1,Total,R20C1,CRUDE RATE,R6C1,Qld,R5C4
20,5,R20C5,211.5,Persons,R17C1,Total,R20C1,CRUDE RATE,R6C1,SA,R5C5
20,6,R20C6,293,Persons,R17C1,Total,R20C1,CRUDE RATE,R6C1,WA,R5C6
20,7,R20C7,138.1,Persons,R17C1,Total,R20C1,CRUDE RATE,R6C1,Tas.,R5C7
20,8,R20C8,1026.6,Persons,R17C1,Total,R20C1,CRUDE RATE,R6C1,NT,R5C8
20,9,R20C9,106.5,Persons,R17C1,Total,R20C1,CRUDE RATE,R6C1,ACT,R5C9
20,10,R20C10,200.9,Persons,R17C1,Total,R20C1,CRUDE RATE,R6C1,Aust.,R5C10
23,2,R23C2,3461.6,Males,R22C1,Aboriginal and Torres Strait Islander,R23C1,AGE STANDARDISED RATE ,R21C1,NSW,R5C2
23,3,R23C3,3048.9,Males,R22C1,Aboriginal and Torres Strait Islander,R23C1,AGE STANDARDISED RATE ,R21C1,Vic.,R5C3
23,4,R23C4,3730,Males,R22C1,Aboriginal and Torres Strait Islander,R23C1,AGE STANDARDISED RATE ,R21C1,Qld,R5C4
23,5,R23C5,4575,Males,R22C1,Aboriginal and Torres Strait Islander,R23C1,AGE STANDARDISED RATE ,R21C1,SA,R5C5
23,6,R23C6,5758.5,Males,R22C1,Aboriginal and Torres Strait Islander,R23C1,AGE STANDARDISED RATE ,R21C1,WA,R5C6
23,7,R23C7,1238.4,Males,R22C1,Aboriginal and Torres Strait Islander,R23C1,AGE STANDARDISED RATE ,R21C1,Tas.,R5C7
23,8,R23C8,5070.8,Males,R22C1,Aboriginal and Torres Strait Islander,R23C1,AGE STANDARDISED RATE ,R21C1,NT,R5C8
23,9,R23C9,2930.4,Males,R22C1,Aboriginal and Torres Strait Islander,R23C1,AGE STANDARDISED RATE ,R21C1,ACT,R5C9
23,10,R23C10,3942.6,Males,R22C1,Aboriginal and Torres Strait Islander,R23C1,AGE STANDARDISED RATE ,R21C1,Aust.,R5C10
24,2,R24C2,290.8,Males,R22C1,Non-Indigenous,R24C1,AGE STANDARDISED RATE ,R21C1,NSW,R5C2
24,3,R24C3,223.5,Males,R22C1,Non-Indigenous,R24C1,AGE STANDARDISED RATE ,R21C1,Vic.,R5C3
24,4,R24C4,310,Males,R22C1,Non-Indigenous,R24C1,AGE STANDARDISED RATE ,R21C1,Qld,R5C4
24,5,R24C5,342.1,Males,R22C1,Non-Indigenous,R24C1,AGE STANDARDISED RATE ,R21C1,SA,R5C5
24,6,R24C6,352.9,Males,R22C1,Non-Indigenous,R24C1,AGE STANDARDISED RATE ,R21C1,WA,R5C6
24,7,R24C7,247.6,Males,R22C1,Non-Indigenous,R24C1,AGE STANDARDISED RATE ,R21C1,Tas.,R5C7
24,8,R24C8,338.4,Males,R22C1,Non-Indigenous,R24C1,AGE STANDARDISED RATE ,R21C1,NT,R5C8
24,9,R24C9,150,Males,R22C1,Non-Indigenous,R24C1,AGE STANDARDISED RATE ,R21C1,ACT,R5C9
24,10,R24C10,283.3,Males,R22C1,Non-Indigenous,R24C1,AGE STANDARDISED RATE ,R21C1,Aust.,R5C10
27,2,R27C2,336.3,Females,R26C1,Aboriginal and Torres Strait Islander,R27C1,AGE STANDARDISED RATE ,R21C1,NSW,R5C2
27,3,R27C3,162.4,Females,R26C1,Aboriginal and Torres Strait Islander,R27C1,AGE STANDARDISED RATE ,R21C1,Vic.,R5C3
27,4,R27C4,421.6,Females,R26C1,Aboriginal and Torres Strait Islander,R27C1,AGE STANDARDISED RATE ,R21C1,Qld,R5C4
27,5,R27C5,484.1,Females,R26C1,Aboriginal and Torres Strait Islander,R27C1,AGE STANDARDISED RATE ,R21C1,SA,R5C5
27,6,R27C6,631.2,Females,R26C1,Aboriginal and Torres Strait Islander,R27C1,AGE STANDARDISED RATE ,R21C1,WA,R5C6
27,7,R27C7,n.p.,Females,R26C1,Aboriginal and Torres Strait Islander,R27C1,AGE STANDARDISED RATE ,R21C1,Tas.,R5C7
27,8,R27C8,351.8,Females,R26C1,Aboriginal and Torres Strait Islander,R27C1,AGE STANDARDISED RATE ,R21C1,NT,R5C8
27,9,R27C9,n.p.,Females,R26C1,Aboriginal and Torres Strait Islander,R27C1,AGE STANDARDISED RATE ,R21C1,ACT,R5C9
27,10,R27C10,386.1,Females,R26C1,Aboriginal and Torres Strait Islander,R27C1,AGE STANDARDISED RATE ,R21C1,Aust.,R5C10
28,2,R28C2,17.7,Females,R26C1,Non-Indigenous,R28C1,AGE STANDARDISED RATE ,R21C1,NSW,R5C2
28,3,R28C3,12.3,Females,R26C1,Non-Indigenous,R28C1,AGE STANDARDISED RATE ,R21C1,Vic.,R5C3
28,4,R28C4,27.3,Females,R26C1,Non-Indigenous,R28C1,AGE STANDARDISED RATE ,R21C1,Qld,R5C4
28,5,R28C5,22.3,Females,R26C1,Non-Indigenous,R28C1,AGE STANDARDISED RATE ,R21C1,SA,R5C5
28,6,R28C6,33.5,Females,R26C1,Non-Indigenous,R28C1,AGE STANDARDISED RATE ,R21C1,WA,R5C6
28,7,R28C7,17.4,Females,R26C1,Non-Indigenous,R28C1,AGE STANDARDISED RATE ,R21C1,Tas.,R5C7
28,8,R28C8,n.p.,Females,R26C1,Non-Indigenous,R28C1,AGE STANDARDISED RATE ,R21C1,NT,R5C8
28,9,R28C9,n.p.,Females,R26C1,Non-Indigenous,R28C1,AGE STANDARDISED RATE ,R21C1,ACT,R5C9
28,10,R28C10,20,Females,R26C1,Non-Indigenous,R28C1,AGE STANDARDISED RATE ,R21C1,Aust.,R5C10
31,2,R31C2,1878.3,Persons,R30C1,Aboriginal and Torres Strait Islander,R31C1,AGE STANDARDISED RATE ,R21C1,NSW,R5C2
31,3,R31C3,1605.1,Persons,R30C1,Aboriginal and Torres Strait Islander,R31C1,AGE STANDARDISED RATE ,R21C1,Vic.,R5C3
31,4,R31C4,2046.9,Persons,R30C1,Aboriginal and Torres Strait Islander,R31C1,AGE STANDARDISED RATE ,R21C1,Qld,R5C4
31,5,R31C5,2451,Persons,R30C1,Aboriginal and Torres Strait Islander,R31C1,AGE STANDARDISED RATE ,R21C1,SA,R5C5
31,6,R31C6,3213.6,Persons,R30C1,Aboriginal and Torres Strait Islander,R31C1,AGE STANDARDISED RATE ,R21C1,WA,R5C6
31,7,R31C7,682.1,Persons,R30C1,Aboriginal and Torres Strait Islander,R31C1,AGE STANDARDISED RATE ,R21C1,Tas.,R5C7
31,8,R31C8,2771.7,Persons,R30C1,Aboriginal and Torres Strait Islander,R31C1,AGE STANDARDISED RATE ,R21C1,NT,R5C8
31,9,R31C9,1543.8,Persons,R30C1,Aboriginal and Torres Strait Islander,R31C1,AGE STANDARDISED RATE ,R21C1,ACT,R5C9
31,10,R31C10,2151.1,Persons,R30C1,Aboriginal and Torres Strait Islander,R31C1,AGE STANDARDISED RATE ,R21C1,Aust.,R5C10
32,2,R32C2,153.5,Persons,R30C1,Non-Indigenous,R32C1,AGE STANDARDISED RATE ,R21C1,NSW,R5C2
32,3,R32C3,117,Persons,R30C1,Non-Indigenous,R32C1,AGE STANDARDISED RATE ,R21C1,Vic.,R5C3
32,4,R32C4,166.9,Persons,R30C1,Non-Indigenous,R32C1,AGE STANDARDISED RATE ,R21C1,Qld,R5C4
32,5,R32C5,181.2,Persons,R30C1,Non-Indigenous,R32C1,AGE STANDARDISED RATE ,R21C1,SA,R5C5
32,6,R32C6,193.4,Persons,R30C1,Non-Indigenous,R32C1,AGE STANDARDISED RATE ,R21C1,WA,R5C6
32,7,R32C7,132.3,Persons,R30C1,Non-Indigenous,R32C1,AGE STANDARDISED RATE ,R21C1,Tas.,R5C7
32,8,R32C8,180.7,Persons,R30C1,Non-Indigenous,R32C1,AGE STANDARDISED RATE ,R21C1,NT,R5C8
32,9,R32C9,78.8,Persons,R30C1,Non-Indigenous,R32C1,AGE STANDARDISED RATE ,R21C1,ACT,R5C9
32,10,R32C10,150.7,Persons,R30C1,Non-Indigenous,R32C1,AGE STANDARDISED RATE ,R21C1,Aust.,R5C10
35,2,R35C2,13.6,Males,R34C1,Crude,R35C1,RATIO OF ABORIGINAL AND TORRES STRAIT ISLANDER RATES TO NON-INDIGENOUS RATES,R33C1,NSW,R5C2
35,3,R35C3,14.7,Males,R34C1,Crude,R35C1,RATIO OF ABORIGINAL AND TORRES STRAIT ISLANDER RATES TO NON-INDIGENOUS RATES,R33C1,Vic.,R5C3
35,4,R35C4,14.4,Males,R34C1,Crude,R35C1,RATIO OF ABORIGINAL AND TORRES STRAIT ISLANDER RATES TO NON-INDIGENOUS RATES,R33C1,Qld,R5C4
35,5,R35C5,15.5,Males,R34C1,Crude,R35C1,RATIO OF ABORIGINAL AND TORRES STRAIT ISLANDER RATES TO NON-INDIGENOUS RATES,R33C1,SA,R5C5
35,6,R35C6,19.5,Males,R34C1,Crude,R35C1,RATIO OF ABORIGINAL AND TORRES STRAIT ISLANDER RATES TO NON-INDIGENOUS RATES,R33C1,WA,R5C6
35,7,R35C7,6.2,Males,R34C1,Crude,R35C1,RATIO OF ABORIGINAL AND TORRES STRAIT ISLANDER RATES TO NON-INDIGENOUS RATES,R33C1,Tas.,R5C7
35,8,R35C8,17.1,Males,R34C1,Crude,R35C1,RATIO OF ABORIGINAL AND TORRES STRAIT ISLANDER RATES TO NON-INDIGENOUS RATES,R33C1,NT,R5C8
35,9,R35C9,19.8,Males,R34C1,Crude,R35C1,RATIO OF ABORIGINAL AND TORRES STRAIT ISLANDER RATES TO NON-INDIGENOUS RATES,R33C1,ACT,R5C9
35,10,R35C10,16.2,Males,R34C1,Crude,R35C1,RATIO OF ABORIGINAL AND TORRES STRAIT ISLANDER RATES TO NON-INDIGENOUS RATES,R33C1,Aust.,R5C10
36,2,R36C2,11.9,Males,R34C1,Age-standardised,R36C1,RATIO OF ABORIGINAL AND TORRES STRAIT ISLANDER RATES TO NON-INDIGENOUS RATES,R33C1,NSW,R5C2
36,3,R36C3,13.6,Males,R34C1,Age-standardised,R36C1,RATIO OF ABORIGINAL AND TORRES STRAIT ISLANDER RATES TO NON-INDIGENOUS RATES,R33C1,Vic.,R5C3
36,4,R36C4,12,Males,R34C1,Age-standardised,R36C1,RATIO OF ABORIGINAL AND TORRES STRAIT ISLANDER RATES TO NON-INDIGENOUS RATES,R33C1,Qld,R5C4
36,5,R36C5,13.4,Males,R34C1,Age-standardised,R36C1,RATIO OF ABORIGINAL AND TORRES STRAIT ISLANDER RATES TO NON-INDIGENOUS RATES,R33C1,SA,R5C5
36,6,R36C6,16.3,Males,R34C1,Age-standardised,R36C1,RATIO OF ABORIGINAL AND TORRES STRAIT ISLANDER RATES TO NON-INDIGENOUS RATES,R33C1,WA,R5C6
36,7,R36C7,5,Males,R34C1,Age-standardised,R36C1,RATIO OF ABORIGINAL AND TORRES STRAIT ISLANDER RATES TO NON-INDIGENOUS RATES,R33C1,Tas.,R5C7
36,8,R36C8,15,Males,R34C1,Age-standardised,R36C1,RATIO OF ABORIGINAL AND TORRES STRAIT ISLANDER RATES TO NON-INDIGENOUS RATES,R33C1,NT,R5C8
36,9,R36C9,19.5,Males,R34C1,Age-standardised,R36C1,RATIO OF ABORIGINAL AND TORRES STRAIT ISLANDER RATES TO NON-INDIGENOUS RATES,R33C1,ACT,R5C9
36,10,R36C10,13.9,Males,R34C1,Age-standardised,R36C1,RATIO OF ABORIGINAL AND TORRES STRAIT ISLANDER RATES TO NON-INDIGENOUS RATES,R33C1,Aust.,R5C10
39,2,R39C2,21.9,Females,R38C1,Crude,R39C1,RATIO OF ABORIGINAL AND TORRES STRAIT ISLANDER RATES TO NON-INDIGENOUS RATES,R33C1,NSW,R5C2
39,3,R39C3,15.2,Females,R38C1,Crude,R39C1,RATIO OF ABORIGINAL AND TORRES STRAIT ISLANDER RATES TO NON-INDIGENOUS RATES,R33C1,Vic.,R5C3
39,4,R39C4,19.2,Females,R38C1,Crude,R39C1,RATIO OF ABORIGINAL AND TORRES STRAIT ISLANDER RATES TO NON-INDIGENOUS RATES,R33C1,Qld,R5C4
39,5,R39C5,26.5,Females,R38C1,Crude,R39C1,RATIO OF ABORIGINAL AND TORRES STRAIT ISLANDER RATES TO NON-INDIGENOUS RATES,R33C1,SA,R5C5
39,6,R39C6,22.4,Females,R38C1,Crude,R39C1,RATIO OF ABORIGINAL AND TORRES STRAIT ISLANDER RATES TO NON-INDIGENOUS RATES,R33C1,WA,R5C6
39,7,R39C7,7.9,Females,R38C1,Crude,R39C1,RATIO OF ABORIGINAL AND TORRES STRAIT ISLANDER RATES TO NON-INDIGENOUS RATES,R33C1,Tas.,R5C7
39,8,R39C8,20.3,Females,R38C1,Crude,R39C1,RATIO OF ABORIGINAL AND TORRES STRAIT ISLANDER RATES TO NON-INDIGENOUS RATES,R33C1,NT,R5C8
39,9,R39C9,17.8,Females,R38C1,Crude,R39C1,RATIO OF ABORIGINAL AND TORRES STRAIT ISLANDER RATES TO NON-INDIGENOUS RATES,R33C1,ACT,R5C9
39,10,R39C10,22.7,Females,R38C1,Crude,R39C1,RATIO OF ABORIGINAL AND TORRES STRAIT ISLANDER RATES TO NON-INDIGENOUS RATES,R33C1,Aust.,R5C10
40,2,R40C2,19,Females,R38C1,Age-standardised,R40C1,RATIO OF ABORIGINAL AND TORRES STRAIT ISLANDER RATES TO NON-INDIGENOUS RATES,R33C1,NSW,R5C2
40,3,R40C3,13.2,Females,R38C1,Age-standardised,R40C1,RATIO OF ABORIGINAL AND TORRES STRAIT ISLANDER RATES TO NON-INDIGENOUS RATES,R33C1,Vic.,R5C3
40,4,R40C4,15.4,Females,R38C1,Age-standardised,R40C1,RATIO OF ABORIGINAL AND TORRES STRAIT ISLANDER RATES TO NON-INDIGENOUS RATES,R33C1,Qld,R5C4
40,5,R40C5,21.7,Females,R38C1,Age-standardised,R40C1,RATIO OF ABORIGINAL AND TORRES STRAIT ISLANDER RATES TO NON-INDIGENOUS RATES,R33C1,SA,R5C5
40,6,R40C6,18.8,Females,R38C1,Age-standardised,R40C1,RATIO OF ABORIGINAL AND TORRES STRAIT ISLANDER RATES TO NON-INDIGENOUS RATES,R33C1,WA,R5C6
40,7,R40C7,n.a.,Females,R38C1,Age-standardised,R40C1,RATIO OF ABORIGINAL AND TORRES STRAIT ISLANDER RATES TO NON-INDIGENOUS RATES,R33C1,Tas.,R5C7
40,8,R40C8,n.a.,Females,R38C1,Age-standardised,R40C1,RATIO OF ABORIGINAL AND TORRES STRAIT ISLANDER RATES TO NON-INDIGENOUS RATES,R33C1,NT,R5C8
40,9,R40C9,n.a.,Females,R38C1,Age-standardised,R40C1,RATIO OF ABORIGINAL AND TORRES STRAIT ISLANDER RATES TO NON-INDIGENOUS RATES,R33C1,ACT,R5C9
40,10,R40C10,19.3,Females,R38C1,Age-standardised,R40C1,RATIO OF ABORIGINAL AND TORRES STRAIT ISLANDER RATES TO NON-INDIGENOUS RATES,R33C1,Aust.,R5C10
43,2,R43C2,14,Persons,R42C1,Crude,R43C1,RATIO OF ABORIGINAL AND TORRES STRAIT ISLANDER RATES TO NON-INDIGENOUS RATES,R33C1,NSW,R5C2
43,3,R43C3,15,Persons,R42C1,Crude,R43C1,RATIO OF ABORIGINAL AND TORRES STRAIT ISLANDER RATES TO NON-INDIGENOUS RATES,R33C1,Vic.,R5C3
43,4,R43C4,14.8,Persons,R42C1,Crude,R43C1,RATIO OF ABORIGINAL AND TORRES STRAIT ISLANDER RATES TO NON-INDIGENOUS RATES,R33C1,Qld,R5C4
43,5,R43C5,16.1,Persons,R42C1,Crude,R43C1,RATIO OF ABORIGINAL AND TORRES STRAIT ISLANDER RATES TO NON-INDIGENOUS RATES,R33C1,SA,R5C5
43,6,R43C6,19.7,Persons,R42C1,Crude,R43C1,RATIO OF ABORIGINAL AND TORRES STRAIT ISLANDER RATES TO NON-INDIGENOUS RATES,R33C1,WA,R5C6
43,7,R43C7,6.5,Persons,R42C1,Crude,R43C1,RATIO OF ABORIGINAL AND TORRES STRAIT ISLANDER RATES TO NON-INDIGENOUS RATES,R33C1,Tas.,R5C7
43,8,R43C8,17.2,Persons,R42C1,Crude,R43C1,RATIO OF ABORIGINAL AND TORRES STRAIT ISLANDER RATES TO NON-INDIGENOUS RATES,R33C1,NT,R5C8
43,9,R43C9,20.7,Persons,R42C1,Crude,R43C1,RATIO OF ABORIGINAL AND TORRES STRAIT ISLANDER RATES TO NON-INDIGENOUS RATES,R33C1,ACT,R5C9
43,10,R43C10,16.7,Persons,R42C1,Crude,R43C1,RATIO OF ABORIGINAL AND TORRES STRAIT ISLANDER RATES TO NON-INDIGENOUS RATES,R33C1,Aust.,R5C10
44,2,R44C2,12.2,Persons,R42C1,Age-standardised,R44C1,RATIO OF ABORIGINAL AND TORRES STRAIT ISLANDER RATES TO NON-INDIGENOUS RATES,R33C1,NSW,R5C2
44,3,R44C3,13.7,Persons,R42C1,Age-standardised,R44C1,RATIO OF ABORIGINAL AND TORRES STRAIT ISLANDER RATES TO NON-INDIGENOUS RATES,R33C1,Vic.,R5C3
44,4,R44C4,12.3,Persons,R42C1,Age-standardised,R44C1,RATIO OF ABORIGINAL AND TORRES STRAIT ISLANDER RATES TO NON-INDIGENOUS RATES,R33C1,Qld,R5C4
44,5,R44C5,13.5,Persons,R42C1,Age-standardised,R44C1,RATIO OF ABORIGINAL AND TORRES STRAIT ISLANDER RATES TO NON-INDIGENOUS RATES,R33C1,SA,R5C5
44,6,R44C6,16.6,Persons,R42C1,Age-standardised,R44C1,RATIO OF ABORIGINAL AND TORRES STRAIT ISLANDER RATES TO NON-INDIGENOUS RATES,R33C1,WA,R5C6
44,7,R44C7,5.2,Persons,R42C1,Age-standardised,R44C1,RATIO OF ABORIGINAL AND TORRES STRAIT ISLANDER RATES TO NON-INDIGENOUS RATES,R33C1,Tas.,R5C7
44,8,R44C8,15.3,Persons,R42C1,Age-standardised,R44C1,RATIO OF ABORIGINAL AND TORRES STRAIT ISLANDER RATES TO NON-INDIGENOUS RATES,R33C1,NT,R5C8
44,9,R44C9,19.6,Persons,R42C1,Age-standardised,R44C1,RATIO OF ABORIGINAL AND TORRES STRAIT ISLANDER RATES TO NON-INDIGENOUS RATES,R33C1,ACT,R5C9
44,10,R44C10,14.3,Persons,R42C1,Age-standardised,R44C1,RATIO OF ABORIGINAL AND TORRES STRAIT ISLANDER RATES TO NON-INDIGENOUS RATES,R33C1,Aust.,R5C10
