row,col,address,.value,indigenous_status,indigenous_status_source,variables,variables_source,statistic,statistic_source
7,2,R7C2,6844,Aboriginal and/or Torres Strait Islander ,R7C1,Aboriginal and Torres Strait Islander status ,R6C1,Number,R5C2
7,3,R7C3,21.6,Aboriginal and/or Torres Strait Islander ,R7C1,Aboriginal and Torres Strait Islander status ,R6C1,Proportion (%),R5C3
8,2,R8C2,24259,Non-Indigenous ,R8C1,Aboriginal and Torres Strait Islander status ,R6C1,Number,R5C2
8,3,R8C3,76.7,Non-Indigenous ,R8C1,Aboriginal and Torres Strait Islander status ,R6C1,Proportion (%),R5C3
9,2,R9C2,528,Unknown(c),R9C1,Aboriginal and Torres Strait Islander status ,R6C1,Number,R5C2
9,3,R9C3,1.7,Unknown(c),R9C1,Aboriginal and Torres Strait Islander status ,R6C1,Proportion (%),R5C3
12,2,R12C2,17142,Male ,R12C1,Gender,R11C1,Number,R5C2
12,3,R12C3,54.2,Male ,R12C1,Gender,R11C1,Proportion (%),R5C3
13,2,R13C2,14067,Female,R13C1,Gender,R11C1,Number,R5C2
13,3,R13C3,44.5,Female,R13C1,Gender,R11C1,Proportion (%),R5C3
16,2,R16C2,107,0 to 9 years,R16C1,Age (group),R15C1,Number,R5C2
16,3,R16C3,0.3,0 to 9 years,R16C1,Age (group),R15C1,Proportion (%),R5C3
17,2,R17C2,4753,10 to 19 years,R17C1,Age (group),R15C1,Number,R5C2
17,3,R17C3,15,10 to 19 years,R17C1,Age (group),R15C1,Proportion (%),R5C3
18,2,R18C2,2200,20 to 24 years ,R18C1,Age (group),R15C1,Number,R5C2
18,3,R18C3,7,20 to 24 years ,R18C1,Age (group),R15C1,Proportion (%),R5C3
19,2,R19C2,7430,25 to 34 years,R19C1,Age (group),R15C1,Number,R5C2
19,3,R19C3,23.5,25 to 34 years,R19C1,Age (group),R15C1,Proportion (%),R5C3
20,2,R20C2,7687,35 to 44 years,R20C1,Age (group),R15C1,Number,R5C2
20,3,R20C3,24.3,35 to 44 years,R20C1,Age (group),R15C1,Proportion (%),R5C3
21,2,R21C2,4800,45 to 54 years,R21C1,Age (group),R15C1,Number,R5C2
21,3,R21C3,15.2,45 to 54 years,R21C1,Age (group),R15C1,Proportion (%),R5C3
22,2,R22C2,2527,55 to 64 years,R22C1,Age (group),R15C1,Number,R5C2
22,3,R22C3,8,55 to 64 years,R22C1,Age (group),R15C1,Proportion (%),R5C3
23,2,R23C2,1912,65 years and over,R23C1,Age (group),R15C1,Number,R5C2
23,3,R23C3,6,65 years and over,R23C1,Age (group),R15C1,Proportion (%),R5C3
24,2,R24C2,209,Unknown(d),R24C1,Age (group),R15C1,Number,R5C2
24,3,R24C3,0.7,Unknown(d),R24C1,Age (group),R15C1,Proportion (%),R5C3
27,2,R27C2,25071,1,R27C1,Number of services completed (per client) ,R26C1,Number,R5C2
27,3,R27C3,79.3,1,R27C1,Number of services completed (per client) ,R26C1,Proportion (%),R5C3
28,2,R28C2,4329,2,R28C1,Number of services completed (per client) ,R26C1,Number,R5C2
28,3,R28C3,13.7,2,R28C1,Number of services completed (per client) ,R26C1,Proportion (%),R5C3
29,2,R29C2,1226,3,R29C1,Number of services completed (per client) ,R26C1,Number,R5C2
29,3,R29C3,3.9,3,R29C1,Number of services completed (per client) ,R26C1,Proportion (%),R5C3
30,2,R30C2,473,4,R30C1,Number of services completed (per client) ,R26C1,Number,R5C2
30,3,R30C3,1.5,4,R30C1,Number of services completed (per client) ,R26C1,Proportion (%),R5C3
31,2,R31C2,530,5 or more,R31C1,Number of services completed (per client) ,R26C1,Number,R5C2
31,3,R31C3,1.7,5 or more,R31C1,Number of services completed (per client) ,R26C1,Proportion (%),R5C3
32,2,R32C2,31633,Total clients(e) ,R32C1,Number of services completed (per client) ,R26C1,Number,R5C2
32,3,R32C3,100,Total clients(e) ,R32C1,Number of services completed (per client) ,R26C1,Proportion (%),R5C3
34,2,R34C2,6251,Parenting arrangements,R34C1,Selected problem type (Top 10)(f),R33C1,Number,R5C2
34,3,R34C3,14.6,Parenting arrangements,R34C1,Selected problem type (Top 10)(f),R33C1,Proportion (%),R5C3
35,2,R35C2,5556,Other civil law problem(g) ,R35C1,Selected problem type (Top 10)(f),R33C1,Number,R5C2
35,3,R35C3,12.9,Other civil law problem(g) ,R35C1,Selected problem type (Top 10)(f),R33C1,Proportion (%),R5C3
36,2,R36C2,4566,Other criminal law problem(h),R36C1,Selected problem type (Top 10)(f),R33C1,Number,R5C2
36,3,R36C3,10.6,Other criminal law problem(h),R36C1,Selected problem type (Top 10)(f),R33C1,Proportion (%),R5C3
37,2,R37C2,3447,Family and domestic violence(i),R37C1,Selected problem type (Top 10)(f),R33C1,Number,R5C2
37,3,R37C3,8,Family and domestic violence(i),R37C1,Selected problem type (Top 10)(f),R33C1,Proportion (%),R5C3
38,2,R38C2,2637,Acts intended to cause injury,R38C1,Selected problem type (Top 10)(f),R33C1,Number,R5C2
38,3,R38C3,6.1,Acts intended to cause injury,R38C1,Selected problem type (Top 10)(f),R33C1,Proportion (%),R5C3
39,2,R39C2,1690,Child protection,R39C1,Selected problem type (Top 10)(f),R33C1,Number,R5C2
39,3,R39C3,3.9,Child protection,R39C1,Selected problem type (Top 10)(f),R33C1,Proportion (%),R5C3
40,2,R40C2,1447,Consumer/finance(j),R40C1,Selected problem type (Top 10)(f),R33C1,Number,R5C2
40,3,R40C3,3.4,Consumer/finance(j),R40C1,Selected problem type (Top 10)(f),R33C1,Proportion (%),R5C3
41,2,R41C2,1440,Housing,R41C1,Selected problem type (Top 10)(f),R33C1,Number,R5C2
41,3,R41C3,3.4,Housing,R41C1,Selected problem type (Top 10)(f),R33C1,Proportion (%),R5C3
42,2,R42C2,1306,Theft,R42C1,Selected problem type (Top 10)(f),R33C1,Number,R5C2
42,3,R42C3,3,Theft,R42C1,Selected problem type (Top 10)(f),R33C1,Proportion (%),R5C3
43,2,R43C2,1133,Family law property,R43C1,Selected problem type (Top 10)(f),R33C1,Number,R5C2
43,3,R43C3,2.6,Family law property,R43C1,Selected problem type (Top 10)(f),R33C1,Proportion (%),R5C3
44,2,R44C2,42912,Total services(k),R44C1,Selected problem type (Top 10)(f),R33C1,Number,R5C2
44,3,R44C3,100,Total services(k),R44C1,Selected problem type (Top 10)(f),R33C1,Proportion (%),R5C3
