row,col,address,.value,measure_type,quarter,state,corrections_population
8,2,R8C2,12977,AVERAGE DAILY NUMBER,Mar Qtr 20,NSW,Males in full-time custody
8,3,R8C3,7644,AVERAGE DAILY NUMBER,Mar Qtr 20,Vic.,Males in full-time custody
8,4,R8C4,8233,AVERAGE DAILY NUMBER,Mar Qtr 20,Qld,Males in full-time custody
8,5,R8C5,2692,AVERAGE DAILY NUMBER,Mar Qtr 20,SA,Males in full-time custody
8,6,R8C6,6335,AVERAGE DAILY NUMBER,Mar Qtr 20,WA,Males in full-time custody
8,7,R8C7,609,AVERAGE DAILY NUMBER,Mar Qtr 20,Tas.,Males in full-time custody
8,8,R8C8,1679,AVERAGE DAILY NUMBER,Mar Qtr 20,NT,Males in full-time custody
8,9,R8C9,409,AVERAGE DAILY NUMBER,Mar Qtr 20,ACT,Males in full-time custody
8,10,R8C10,40579,AVERAGE DAILY NUMBER,Mar Qtr 20,Aust.,Males in full-time custody
9,2,R9C2,11982,AVERAGE DAILY NUMBER,Dec Qtr 20,NSW,Males in full-time custody
9,3,R9C3,6684,AVERAGE DAILY NUMBER,Dec Qtr 20,Vic.,Males in full-time custody
9,4,R9C4,8486,AVERAGE DAILY NUMBER,Dec Qtr 20,Qld,Males in full-time custody
9,5,R9C5,2777,AVERAGE DAILY NUMBER,Dec Qtr 20,SA,Males in full-time custody
9,6,R9C6,5925,AVERAGE DAILY NUMBER,Dec Qtr 20,WA,Males in full-time custody
9,7,R9C7,592,AVERAGE DAILY NUMBER,Dec Qtr 20,Tas.,Males in full-time custody
9,8,R9C8,1613,AVERAGE DAILY NUMBER,Dec Qtr 20,NT,Males in full-time custody
9,9,R9C9,396,AVERAGE DAILY NUMBER,Dec Qtr 20,ACT,Males in full-time custody
9,10,R9C10,38455,AVERAGE DAILY NUMBER,Dec Qtr 20,Aust.,Males in full-time custody
10,2,R10C2,12221,AVERAGE DAILY NUMBER,Mar Qtr 21,NSW,Males in full-time custody
10,3,R10C3,6756,AVERAGE DAILY NUMBER,Mar Qtr 21,Vic.,Males in full-time custody
10,4,R10C4,8807,AVERAGE DAILY NUMBER,Mar Qtr 21,Qld,Males in full-time custody
10,5,R10C5,2874,AVERAGE DAILY NUMBER,Mar Qtr 21,SA,Males in full-time custody
10,6,R10C6,6026,AVERAGE DAILY NUMBER,Mar Qtr 21,WA,Males in full-time custody
10,7,R10C7,574,AVERAGE DAILY NUMBER,Mar Qtr 21,Tas.,Males in full-time custody
10,8,R10C8,1710,AVERAGE DAILY NUMBER,Mar Qtr 21,NT,Males in full-time custody
10,9,R10C9,373,AVERAGE DAILY NUMBER,Mar Qtr 21,ACT,Males in full-time custody
10,10,R10C10,39342,AVERAGE DAILY NUMBER,Mar Qtr 21,Aust.,Males in full-time custody
12,2,R12C2,1014,AVERAGE DAILY NUMBER,Mar Qtr 20,NSW,Females in full-time custody
12,3,R12C3,518,AVERAGE DAILY NUMBER,Mar Qtr 20,Vic.,Females in full-time custody
12,4,R12C4,864,AVERAGE DAILY NUMBER,Mar Qtr 20,Qld,Females in full-time custody
12,5,R12C5,215,AVERAGE DAILY NUMBER,Mar Qtr 20,SA,Females in full-time custody
12,6,R12C6,776,AVERAGE DAILY NUMBER,Mar Qtr 20,WA,Females in full-time custody
12,7,R12C7,54,AVERAGE DAILY NUMBER,Mar Qtr 20,Tas.,Females in full-time custody
12,8,R12C8,106,AVERAGE DAILY NUMBER,Mar Qtr 20,NT,Females in full-time custody
12,9,R12C9,33,AVERAGE DAILY NUMBER,Mar Qtr 20,ACT,Females in full-time custody
12,10,R12C10,3580,AVERAGE DAILY NUMBER,Mar Qtr 20,Aust.,Females in full-time custody
13,2,R13C2,856,AVERAGE DAILY NUMBER,Dec Qtr 20,NSW,Females in full-time custody
13,3,R13C3,409,AVERAGE DAILY NUMBER,Dec Qtr 20,Vic.,Females in full-time custody
13,4,R13C4,869,AVERAGE DAILY NUMBER,Dec Qtr 20,Qld,Females in full-time custody
13,5,R13C5,223,AVERAGE DAILY NUMBER,Dec Qtr 20,SA,Females in full-time custody
13,6,R13C6,673,AVERAGE DAILY NUMBER,Dec Qtr 20,WA,Females in full-time custody
13,7,R13C7,52,AVERAGE DAILY NUMBER,Dec Qtr 20,Tas.,Females in full-time custody
13,8,R13C8,104,AVERAGE DAILY NUMBER,Dec Qtr 20,NT,Females in full-time custody
13,9,R13C9,28,AVERAGE DAILY NUMBER,Dec Qtr 20,ACT,Females in full-time custody
13,10,R13C10,3213,AVERAGE DAILY NUMBER,Dec Qtr 20,Aust.,Females in full-time custody
14,2,R14C2,896,AVERAGE DAILY NUMBER,Mar Qtr 21,NSW,Females in full-time custody
14,3,R14C3,419,AVERAGE DAILY NUMBER,Mar Qtr 21,Vic.,Females in full-time custody
14,4,R14C4,906,AVERAGE DAILY NUMBER,Mar Qtr 21,Qld,Females in full-time custody
14,5,R14C5,225,AVERAGE DAILY NUMBER,Mar Qtr 21,SA,Females in full-time custody
14,6,R14C6,656,AVERAGE DAILY NUMBER,Mar Qtr 21,WA,Females in full-time custody
14,7,R14C7,48,AVERAGE DAILY NUMBER,Mar Qtr 21,Tas.,Females in full-time custody
14,8,R14C8,112,AVERAGE DAILY NUMBER,Mar Qtr 21,NT,Females in full-time custody
14,9,R14C9,30,AVERAGE DAILY NUMBER,Mar Qtr 21,ACT,Females in full-time custody
14,10,R14C10,3291,AVERAGE DAILY NUMBER,Mar Qtr 21,Aust.,Females in full-time custody
16,2,R16C2,13991,AVERAGE DAILY NUMBER,Mar Qtr 20,NSW,Persons in full-time custody
16,3,R16C3,8163,AVERAGE DAILY NUMBER,Mar Qtr 20,Vic.,Persons in full-time custody
16,4,R16C4,9097,AVERAGE DAILY NUMBER,Mar Qtr 20,Qld,Persons in full-time custody
16,5,R16C5,2907,AVERAGE DAILY NUMBER,Mar Qtr 20,SA,Persons in full-time custody
16,6,R16C6,7111,AVERAGE DAILY NUMBER,Mar Qtr 20,WA,Persons in full-time custody
16,7,R16C7,663,AVERAGE DAILY NUMBER,Mar Qtr 20,Tas.,Persons in full-time custody
16,8,R16C8,1785,AVERAGE DAILY NUMBER,Mar Qtr 20,NT,Persons in full-time custody
16,9,R16C9,442,AVERAGE DAILY NUMBER,Mar Qtr 20,ACT,Persons in full-time custody
16,10,R16C10,44159,AVERAGE DAILY NUMBER,Mar Qtr 20,Aust.,Persons in full-time custody
17,2,R17C2,12838,AVERAGE DAILY NUMBER,Dec Qtr 20,NSW,Persons in full-time custody
17,3,R17C3,7093,AVERAGE DAILY NUMBER,Dec Qtr 20,Vic.,Persons in full-time custody
17,4,R17C4,9355,AVERAGE DAILY NUMBER,Dec Qtr 20,Qld,Persons in full-time custody
17,5,R17C5,3001,AVERAGE DAILY NUMBER,Dec Qtr 20,SA,Persons in full-time custody
17,6,R17C6,6597,AVERAGE DAILY NUMBER,Dec Qtr 20,WA,Persons in full-time custody
17,7,R17C7,644,AVERAGE DAILY NUMBER,Dec Qtr 20,Tas.,Persons in full-time custody
17,8,R17C8,1717,AVERAGE DAILY NUMBER,Dec Qtr 20,NT,Persons in full-time custody
17,9,R17C9,424,AVERAGE DAILY NUMBER,Dec Qtr 20,ACT,Persons in full-time custody
17,10,R17C10,41668,AVERAGE DAILY NUMBER,Dec Qtr 20,Aust.,Persons in full-time custody
18,2,R18C2,13118,AVERAGE DAILY NUMBER,Mar Qtr 21,NSW,Persons in full-time custody
18,3,R18C3,7174,AVERAGE DAILY NUMBER,Mar Qtr 21,Vic.,Persons in full-time custody
18,4,R18C4,9713,AVERAGE DAILY NUMBER,Mar Qtr 21,Qld,Persons in full-time custody
18,5,R18C5,3100,AVERAGE DAILY NUMBER,Mar Qtr 21,SA,Persons in full-time custody
18,6,R18C6,6682,AVERAGE DAILY NUMBER,Mar Qtr 21,WA,Persons in full-time custody
18,7,R18C7,622,AVERAGE DAILY NUMBER,Mar Qtr 21,Tas.,Persons in full-time custody
18,8,R18C8,1822,AVERAGE DAILY NUMBER,Mar Qtr 21,NT,Persons in full-time custody
18,9,R18C9,403,AVERAGE DAILY NUMBER,Mar Qtr 21,ACT,Persons in full-time custody
18,10,R18C10,42633,AVERAGE DAILY NUMBER,Mar Qtr 21,Aust.,Persons in full-time custody
20,2,R20C2,3683,AVERAGE DAILY NUMBER,Mar Qtr 20,NSW,Aboriginal & Torres Strait Islander persons in full-time custody
20,3,R20C3,876,AVERAGE DAILY NUMBER,Mar Qtr 20,Vic.,Aboriginal & Torres Strait Islander persons in full-time custody
20,4,R20C4,3142,AVERAGE DAILY NUMBER,Mar Qtr 20,Qld,Aboriginal & Torres Strait Islander persons in full-time custody
20,5,R20C5,706,AVERAGE DAILY NUMBER,Mar Qtr 20,SA,Aboriginal & Torres Strait Islander persons in full-time custody
20,6,R20C6,2766,AVERAGE DAILY NUMBER,Mar Qtr 20,WA,Aboriginal & Torres Strait Islander persons in full-time custody
20,7,R20C7,134,AVERAGE DAILY NUMBER,Mar Qtr 20,Tas.,Aboriginal & Torres Strait Islander persons in full-time custody
20,8,R20C8,1489,AVERAGE DAILY NUMBER,Mar Qtr 20,NT,Aboriginal & Torres Strait Islander persons in full-time custody
20,9,R20C9,107,AVERAGE DAILY NUMBER,Mar Qtr 20,ACT,Aboriginal & Torres Strait Islander persons in full-time custody
20,10,R20C10,12902,AVERAGE DAILY NUMBER,Mar Qtr 20,Aust.,Aboriginal & Torres Strait Islander persons in full-time custody
21,2,R21C2,3364,AVERAGE DAILY NUMBER,Dec Qtr 20,NSW,Aboriginal & Torres Strait Islander persons in full-time custody
21,3,R21C3,749,AVERAGE DAILY NUMBER,Dec Qtr 20,Vic.,Aboriginal & Torres Strait Islander persons in full-time custody
21,4,R21C4,3193,AVERAGE DAILY NUMBER,Dec Qtr 20,Qld,Aboriginal & Torres Strait Islander persons in full-time custody
21,5,R21C5,709,AVERAGE DAILY NUMBER,Dec Qtr 20,SA,Aboriginal & Torres Strait Islander persons in full-time custody
21,6,R21C6,2632,AVERAGE DAILY NUMBER,Dec Qtr 20,WA,Aboriginal & Torres Strait Islander persons in full-time custody
21,7,R21C7,142,AVERAGE DAILY NUMBER,Dec Qtr 20,Tas.,Aboriginal & Torres Strait Islander persons in full-time custody
21,8,R21C8,1459,AVERAGE DAILY NUMBER,Dec Qtr 20,NT,Aboriginal & Torres Strait Islander persons in full-time custody
21,9,R21C9,96,AVERAGE DAILY NUMBER,Dec Qtr 20,ACT,Aboriginal & Torres Strait Islander persons in full-time custody
21,10,R21C10,12344,AVERAGE DAILY NUMBER,Dec Qtr 20,Aust.,Aboriginal & Torres Strait Islander persons in full-time custody
22,2,R22C2,3518,AVERAGE DAILY NUMBER,Mar Qtr 21,NSW,Aboriginal & Torres Strait Islander persons in full-time custody
22,3,R22C3,763,AVERAGE DAILY NUMBER,Mar Qtr 21,Vic.,Aboriginal & Torres Strait Islander persons in full-time custody
22,4,R22C4,3369,AVERAGE DAILY NUMBER,Mar Qtr 21,Qld,Aboriginal & Torres Strait Islander persons in full-time custody
22,5,R22C5,758,AVERAGE DAILY NUMBER,Mar Qtr 21,SA,Aboriginal & Torres Strait Islander persons in full-time custody
22,6,R22C6,2678,AVERAGE DAILY NUMBER,Mar Qtr 21,WA,Aboriginal & Torres Strait Islander persons in full-time custody
22,7,R22C7,139,AVERAGE DAILY NUMBER,Mar Qtr 21,Tas.,Aboriginal & Torres Strait Islander persons in full-time custody
22,8,R22C8,1561,AVERAGE DAILY NUMBER,Mar Qtr 21,NT,Aboriginal & Torres Strait Islander persons in full-time custody
22,9,R22C9,102,AVERAGE DAILY NUMBER,Mar Qtr 21,ACT,Aboriginal & Torres Strait Islander persons in full-time custody
22,10,R22C10,12886,AVERAGE DAILY NUMBER,Mar Qtr 21,Aust.,Aboriginal & Torres Strait Islander persons in full-time custody
25,2,R25C2,4922,AVERAGE NUMBER ON FIRST DAY OF MONTH,Mar Qtr 20,NSW,Unsentenced persons in full-time custody
25,3,R25C3,3134,AVERAGE NUMBER ON FIRST DAY OF MONTH,Mar Qtr 20,Vic.,Unsentenced persons in full-time custody
25,4,R25C4,2913,AVERAGE NUMBER ON FIRST DAY OF MONTH,Mar Qtr 20,Qld,Unsentenced persons in full-time custody
25,5,R25C5,1234,AVERAGE NUMBER ON FIRST DAY OF MONTH,Mar Qtr 20,SA,Unsentenced persons in full-time custody
25,6,R25C6,2121,AVERAGE NUMBER ON FIRST DAY OF MONTH,Mar Qtr 20,WA,Unsentenced persons in full-time custody
25,7,R25C7,191,AVERAGE NUMBER ON FIRST DAY OF MONTH,Mar Qtr 20,Tas.,Unsentenced persons in full-time custody
25,8,R25C8,545,AVERAGE NUMBER ON FIRST DAY OF MONTH,Mar Qtr 20,NT,Unsentenced persons in full-time custody
25,9,R25C9,178,AVERAGE NUMBER ON FIRST DAY OF MONTH,Mar Qtr 20,ACT,Unsentenced persons in full-time custody
25,10,R25C10,15238,AVERAGE NUMBER ON FIRST DAY OF MONTH,Mar Qtr 20,Aust.,Unsentenced persons in full-time custody
26,2,R26C2,4209,AVERAGE NUMBER ON FIRST DAY OF MONTH,Dec Qtr 20,NSW,Unsentenced persons in full-time custody
26,3,R26C3,2676,AVERAGE NUMBER ON FIRST DAY OF MONTH,Dec Qtr 20,Vic.,Unsentenced persons in full-time custody
26,4,R26C4,2804,AVERAGE NUMBER ON FIRST DAY OF MONTH,Dec Qtr 20,Qld,Unsentenced persons in full-time custody
26,5,R26C5,1266,AVERAGE NUMBER ON FIRST DAY OF MONTH,Dec Qtr 20,SA,Unsentenced persons in full-time custody
26,6,R26C6,1797,AVERAGE NUMBER ON FIRST DAY OF MONTH,Dec Qtr 20,WA,Unsentenced persons in full-time custody
26,7,R26C7,162,AVERAGE NUMBER ON FIRST DAY OF MONTH,Dec Qtr 20,Tas.,Unsentenced persons in full-time custody
26,8,R26C8,565,AVERAGE NUMBER ON FIRST DAY OF MONTH,Dec Qtr 20,NT,Unsentenced persons in full-time custody
26,9,R26C9,155,AVERAGE NUMBER ON FIRST DAY OF MONTH,Dec Qtr 20,ACT,Unsentenced persons in full-time custody
26,10,R26C10,13633,AVERAGE NUMBER ON FIRST DAY OF MONTH,Dec Qtr 20,Aust.,Unsentenced persons in full-time custody
27,2,R27C2,4473,AVERAGE NUMBER ON FIRST DAY OF MONTH,Mar Qtr 21,NSW,Unsentenced persons in full-time custody
27,3,R27C3,2914,AVERAGE NUMBER ON FIRST DAY OF MONTH,Mar Qtr 21,Vic.,Unsentenced persons in full-time custody
27,4,R27C4,2910,AVERAGE NUMBER ON FIRST DAY OF MONTH,Mar Qtr 21,Qld,Unsentenced persons in full-time custody
27,5,R27C5,1344,AVERAGE NUMBER ON FIRST DAY OF MONTH,Mar Qtr 21,SA,Unsentenced persons in full-time custody
27,6,R27C6,1989,AVERAGE NUMBER ON FIRST DAY OF MONTH,Mar Qtr 21,WA,Unsentenced persons in full-time custody
27,7,R27C7,156,AVERAGE NUMBER ON FIRST DAY OF MONTH,Mar Qtr 21,Tas.,Unsentenced persons in full-time custody
27,8,R27C8,623,AVERAGE NUMBER ON FIRST DAY OF MONTH,Mar Qtr 21,NT,Unsentenced persons in full-time custody
27,9,R27C9,150,AVERAGE NUMBER ON FIRST DAY OF MONTH,Mar Qtr 21,ACT,Unsentenced persons in full-time custody
27,10,R27C10,14559,AVERAGE NUMBER ON FIRST DAY OF MONTH,Mar Qtr 21,Aust.,Unsentenced persons in full-time custody
29,2,R29C2,9051,AVERAGE NUMBER ON FIRST DAY OF MONTH,Mar Qtr 20,NSW,Sentenced persons in full-time custody
29,3,R29C3,5020,AVERAGE NUMBER ON FIRST DAY OF MONTH,Mar Qtr 20,Vic.,Sentenced persons in full-time custody
29,4,R29C4,6042,AVERAGE NUMBER ON FIRST DAY OF MONTH,Mar Qtr 20,Qld,Sentenced persons in full-time custody
29,5,R29C5,1647,AVERAGE NUMBER ON FIRST DAY OF MONTH,Mar Qtr 20,SA,Sentenced persons in full-time custody
29,6,R29C6,4958,AVERAGE NUMBER ON FIRST DAY OF MONTH,Mar Qtr 20,WA,Sentenced persons in full-time custody
29,7,R29C7,459,AVERAGE NUMBER ON FIRST DAY OF MONTH,Mar Qtr 20,Tas.,Sentenced persons in full-time custody
29,8,R29C8,1226,AVERAGE NUMBER ON FIRST DAY OF MONTH,Mar Qtr 20,NT,Sentenced persons in full-time custody
29,9,R29C9,256,AVERAGE NUMBER ON FIRST DAY OF MONTH,Mar Qtr 20,ACT,Sentenced persons in full-time custody
29,10,R29C10,28659,AVERAGE NUMBER ON FIRST DAY OF MONTH,Mar Qtr 20,Aust.,Sentenced persons in full-time custody
30,2,R30C2,8624,AVERAGE NUMBER ON FIRST DAY OF MONTH,Dec Qtr 20,NSW,Sentenced persons in full-time custody
30,3,R30C3,4441,AVERAGE NUMBER ON FIRST DAY OF MONTH,Dec Qtr 20,Vic.,Sentenced persons in full-time custody
30,4,R30C4,6446,AVERAGE NUMBER ON FIRST DAY OF MONTH,Dec Qtr 20,Qld,Sentenced persons in full-time custody
30,5,R30C5,1728,AVERAGE NUMBER ON FIRST DAY OF MONTH,Dec Qtr 20,SA,Sentenced persons in full-time custody
30,6,R30C6,4773,AVERAGE NUMBER ON FIRST DAY OF MONTH,Dec Qtr 20,WA,Sentenced persons in full-time custody
30,7,R30C7,481,AVERAGE NUMBER ON FIRST DAY OF MONTH,Dec Qtr 20,Tas.,Sentenced persons in full-time custody
30,8,R30C8,1145,AVERAGE NUMBER ON FIRST DAY OF MONTH,Dec Qtr 20,NT,Sentenced persons in full-time custody
30,9,R30C9,275,AVERAGE NUMBER ON FIRST DAY OF MONTH,Dec Qtr 20,ACT,Sentenced persons in full-time custody
30,10,R30C10,27913,AVERAGE NUMBER ON FIRST DAY OF MONTH,Dec Qtr 20,Aust.,Sentenced persons in full-time custody
31,2,R31C2,8565,AVERAGE NUMBER ON FIRST DAY OF MONTH,Mar Qtr 21,NSW,Sentenced persons in full-time custody
31,3,R31C3,4233,AVERAGE NUMBER ON FIRST DAY OF MONTH,Mar Qtr 21,Vic.,Sentenced persons in full-time custody
31,4,R31C4,6640,AVERAGE NUMBER ON FIRST DAY OF MONTH,Mar Qtr 21,Qld,Sentenced persons in full-time custody
31,5,R31C5,1718,AVERAGE NUMBER ON FIRST DAY OF MONTH,Mar Qtr 21,SA,Sentenced persons in full-time custody
31,6,R31C6,4667,AVERAGE NUMBER ON FIRST DAY OF MONTH,Mar Qtr 21,WA,Sentenced persons in full-time custody
31,7,R31C7,461,AVERAGE NUMBER ON FIRST DAY OF MONTH,Mar Qtr 21,Tas.,Sentenced persons in full-time custody
31,8,R31C8,1170,AVERAGE NUMBER ON FIRST DAY OF MONTH,Mar Qtr 21,NT,Sentenced persons in full-time custody
31,9,R31C9,256,AVERAGE NUMBER ON FIRST DAY OF MONTH,Mar Qtr 21,ACT,Sentenced persons in full-time custody
31,10,R31C10,27709,AVERAGE NUMBER ON FIRST DAY OF MONTH,Mar Qtr 21,Aust.,Sentenced persons in full-time custody
33,2,R33C2,2,AVERAGE NUMBER ON FIRST DAY OF MONTH,Mar Qtr 20,NSW,Post sentenced persons in full-time custody
33,3,R33C3,4,AVERAGE NUMBER ON FIRST DAY OF MONTH,Mar Qtr 20,Vic.,Post sentenced persons in full-time custody
33,4,R33C4,61,AVERAGE NUMBER ON FIRST DAY OF MONTH,Mar Qtr 20,Qld,Post sentenced persons in full-time custody
33,5,R33C5,n.a.,AVERAGE NUMBER ON FIRST DAY OF MONTH,Mar Qtr 20,SA,Post sentenced persons in full-time custody
33,6,R33C6,24,AVERAGE NUMBER ON FIRST DAY OF MONTH,Mar Qtr 20,WA,Post sentenced persons in full-time custody
33,7,R33C7,5,AVERAGE NUMBER ON FIRST DAY OF MONTH,Mar Qtr 20,Tas.,Post sentenced persons in full-time custody
33,8,R33C8,2,AVERAGE NUMBER ON FIRST DAY OF MONTH,Mar Qtr 20,NT,Post sentenced persons in full-time custody
33,9,R33C9,n.a.,AVERAGE NUMBER ON FIRST DAY OF MONTH,Mar Qtr 20,ACT,Post sentenced persons in full-time custody
33,10,R33C10,99,AVERAGE NUMBER ON FIRST DAY OF MONTH,Mar Qtr 20,Aust.,Post sentenced persons in full-time custody
34,2,R34C2,2,AVERAGE NUMBER ON FIRST DAY OF MONTH,Dec Qtr 20,NSW,Post sentenced persons in full-time custody
34,3,R34C3,3,AVERAGE NUMBER ON FIRST DAY OF MONTH,Dec Qtr 20,Vic.,Post sentenced persons in full-time custody
34,4,R34C4,62,AVERAGE NUMBER ON FIRST DAY OF MONTH,Dec Qtr 20,Qld,Post sentenced persons in full-time custody
34,5,R34C5,n.a.,AVERAGE NUMBER ON FIRST DAY OF MONTH,Dec Qtr 20,SA,Post sentenced persons in full-time custody
34,6,R34C6,26,AVERAGE NUMBER ON FIRST DAY OF MONTH,Dec Qtr 20,WA,Post sentenced persons in full-time custody
34,7,R34C7,5,AVERAGE NUMBER ON FIRST DAY OF MONTH,Dec Qtr 20,Tas.,Post sentenced persons in full-time custody
34,8,R34C8,1,AVERAGE NUMBER ON FIRST DAY OF MONTH,Dec Qtr 20,NT,Post sentenced persons in full-time custody
34,9,R34C9,n.a.,AVERAGE NUMBER ON FIRST DAY OF MONTH,Dec Qtr 20,ACT,Post sentenced persons in full-time custody
34,10,R34C10,99,AVERAGE NUMBER ON FIRST DAY OF MONTH,Dec Qtr 20,Aust.,Post sentenced persons in full-time custody
35,2,R35C2,1,AVERAGE NUMBER ON FIRST DAY OF MONTH,Mar Qtr 21,NSW,Post sentenced persons in full-time custody
35,3,R35C3,3,AVERAGE NUMBER ON FIRST DAY OF MONTH,Mar Qtr 21,Vic.,Post sentenced persons in full-time custody
35,4,R35C4,68,AVERAGE NUMBER ON FIRST DAY OF MONTH,Mar Qtr 21,Qld,Post sentenced persons in full-time custody
35,5,R35C5,n.a.,AVERAGE NUMBER ON FIRST DAY OF MONTH,Mar Qtr 21,SA,Post sentenced persons in full-time custody
35,6,R35C6,25,AVERAGE NUMBER ON FIRST DAY OF MONTH,Mar Qtr 21,WA,Post sentenced persons in full-time custody
35,7,R35C7,5,AVERAGE NUMBER ON FIRST DAY OF MONTH,Mar Qtr 21,Tas.,Post sentenced persons in full-time custody
35,8,R35C8,1,AVERAGE NUMBER ON FIRST DAY OF MONTH,Mar Qtr 21,NT,Post sentenced persons in full-time custody
35,9,R35C9,n.a.,AVERAGE NUMBER ON FIRST DAY OF MONTH,Mar Qtr 21,ACT,Post sentenced persons in full-time custody
35,10,R35C10,103,AVERAGE NUMBER ON FIRST DAY OF MONTH,Mar Qtr 21,Aust.,Post sentenced persons in full-time custody
37,2,R37C2,13975,AVERAGE NUMBER ON FIRST DAY OF MONTH,Mar Qtr 20,NSW,Persons in full-time custody
37,3,R37C3,8157,AVERAGE NUMBER ON FIRST DAY OF MONTH,Mar Qtr 20,Vic.,Persons in full-time custody
37,4,R37C4,9016,AVERAGE NUMBER ON FIRST DAY OF MONTH,Mar Qtr 20,Qld,Persons in full-time custody
37,5,R37C5,2881,AVERAGE NUMBER ON FIRST DAY OF MONTH,Mar Qtr 20,SA,Persons in full-time custody
37,6,R37C6,7103,AVERAGE NUMBER ON FIRST DAY OF MONTH,Mar Qtr 20,WA,Persons in full-time custody
37,7,R37C7,654,AVERAGE NUMBER ON FIRST DAY OF MONTH,Mar Qtr 20,Tas.,Persons in full-time custody
37,8,R37C8,1774,AVERAGE NUMBER ON FIRST DAY OF MONTH,Mar Qtr 20,NT,Persons in full-time custody
37,9,R37C9,434,AVERAGE NUMBER ON FIRST DAY OF MONTH,Mar Qtr 20,ACT,Persons in full-time custody
37,10,R37C10,43995,AVERAGE NUMBER ON FIRST DAY OF MONTH,Mar Qtr 20,Aust.,Persons in full-time custody
38,2,R38C2,12835,AVERAGE NUMBER ON FIRST DAY OF MONTH,Dec Qtr 20,NSW,Persons in full-time custody
38,3,R38C3,7119,AVERAGE NUMBER ON FIRST DAY OF MONTH,Dec Qtr 20,Vic.,Persons in full-time custody
38,4,R38C4,9313,AVERAGE NUMBER ON FIRST DAY OF MONTH,Dec Qtr 20,Qld,Persons in full-time custody
38,5,R38C5,2994,AVERAGE NUMBER ON FIRST DAY OF MONTH,Dec Qtr 20,SA,Persons in full-time custody
38,6,R38C6,6595,AVERAGE NUMBER ON FIRST DAY OF MONTH,Dec Qtr 20,WA,Persons in full-time custody
38,7,R38C7,648,AVERAGE NUMBER ON FIRST DAY OF MONTH,Dec Qtr 20,Tas.,Persons in full-time custody
38,8,R38C8,1711,AVERAGE NUMBER ON FIRST DAY OF MONTH,Dec Qtr 20,NT,Persons in full-time custody
38,9,R38C9,430,AVERAGE NUMBER ON FIRST DAY OF MONTH,Dec Qtr 20,ACT,Persons in full-time custody
38,10,R38C10,41645,AVERAGE NUMBER ON FIRST DAY OF MONTH,Dec Qtr 20,Aust.,Persons in full-time custody
39,2,R39C2,13039,AVERAGE NUMBER ON FIRST DAY OF MONTH,Mar Qtr 21,NSW,Persons in full-time custody
39,3,R39C3,7150,AVERAGE NUMBER ON FIRST DAY OF MONTH,Mar Qtr 21,Vic.,Persons in full-time custody
39,4,R39C4,9618,AVERAGE NUMBER ON FIRST DAY OF MONTH,Mar Qtr 21,Qld,Persons in full-time custody
39,5,R39C5,3062,AVERAGE NUMBER ON FIRST DAY OF MONTH,Mar Qtr 21,SA,Persons in full-time custody
39,6,R39C6,6681,AVERAGE NUMBER ON FIRST DAY OF MONTH,Mar Qtr 21,WA,Persons in full-time custody
39,7,R39C7,622,AVERAGE NUMBER ON FIRST DAY OF MONTH,Mar Qtr 21,Tas.,Persons in full-time custody
39,8,R39C8,1794,AVERAGE NUMBER ON FIRST DAY OF MONTH,Mar Qtr 21,NT,Persons in full-time custody
39,9,R39C9,406,AVERAGE NUMBER ON FIRST DAY OF MONTH,Mar Qtr 21,ACT,Persons in full-time custody
39,10,R39C10,42372,AVERAGE NUMBER ON FIRST DAY OF MONTH,Mar Qtr 21,Aust.,Persons in full-time custody
41,2,R41C2,28920,AVERAGE NUMBER ON FIRST DAY OF MONTH,Mar Qtr 20,NSW,Males in community-based corrections
41,3,R41C3,10285,AVERAGE NUMBER ON FIRST DAY OF MONTH,Mar Qtr 20,Vic.,Males in community-based corrections
41,4,R41C4,15427,AVERAGE NUMBER ON FIRST DAY OF MONTH,Mar Qtr 20,Qld,Males in community-based corrections
41,5,R41C5,4200,AVERAGE NUMBER ON FIRST DAY OF MONTH,Mar Qtr 20,SA,Males in community-based corrections
41,6,R41C6,4507,AVERAGE NUMBER ON FIRST DAY OF MONTH,Mar Qtr 20,WA,Males in community-based corrections
41,7,R41C7,1596,AVERAGE NUMBER ON FIRST DAY OF MONTH,Mar Qtr 20,Tas.,Males in community-based corrections
41,8,R41C8,1030,AVERAGE NUMBER ON FIRST DAY OF MONTH,Mar Qtr 20,NT,Males in community-based corrections
41,9,R41C9,959,AVERAGE NUMBER ON FIRST DAY OF MONTH,Mar Qtr 20,ACT,Males in community-based corrections
41,10,R41C10,66923,AVERAGE NUMBER ON FIRST DAY OF MONTH,Mar Qtr 20,Aust.,Males in community-based corrections
42,2,R42C2,29329,AVERAGE NUMBER ON FIRST DAY OF MONTH,Dec Qtr 20,NSW,Males in community-based corrections
42,3,R42C3,7499,AVERAGE NUMBER ON FIRST DAY OF MONTH,Dec Qtr 20,Vic.,Males in community-based corrections
42,4,R42C4,13715,AVERAGE NUMBER ON FIRST DAY OF MONTH,Dec Qtr 20,Qld,Males in community-based corrections
42,5,R42C5,4234,AVERAGE NUMBER ON FIRST DAY OF MONTH,Dec Qtr 20,SA,Males in community-based corrections
42,6,R42C6,4652,AVERAGE NUMBER ON FIRST DAY OF MONTH,Dec Qtr 20,WA,Males in community-based corrections
42,7,R42C7,1566,AVERAGE NUMBER ON FIRST DAY OF MONTH,Dec Qtr 20,Tas.,Males in community-based corrections
42,8,R42C8,1049,AVERAGE NUMBER ON FIRST DAY OF MONTH,Dec Qtr 20,NT,Males in community-based corrections
42,9,R42C9,840,AVERAGE NUMBER ON FIRST DAY OF MONTH,Dec Qtr 20,ACT,Males in community-based corrections
42,10,R42C10,62885,AVERAGE NUMBER ON FIRST DAY OF MONTH,Dec Qtr 20,Aust.,Males in community-based corrections
43,2,R43C2,29340,AVERAGE NUMBER ON FIRST DAY OF MONTH,Mar Qtr 21,NSW,Males in community-based corrections
43,3,R43C3,7176,AVERAGE NUMBER ON FIRST DAY OF MONTH,Mar Qtr 21,Vic.,Males in community-based corrections
43,4,R43C4,13780,AVERAGE NUMBER ON FIRST DAY OF MONTH,Mar Qtr 21,Qld,Males in community-based corrections
43,5,R43C5,4190,AVERAGE NUMBER ON FIRST DAY OF MONTH,Mar Qtr 21,SA,Males in community-based corrections
43,6,R43C6,4578,AVERAGE NUMBER ON FIRST DAY OF MONTH,Mar Qtr 21,WA,Males in community-based corrections
43,7,R43C7,1562,AVERAGE NUMBER ON FIRST DAY OF MONTH,Mar Qtr 21,Tas.,Males in community-based corrections
43,8,R43C8,1052,AVERAGE NUMBER ON FIRST DAY OF MONTH,Mar Qtr 21,NT,Males in community-based corrections
43,9,R43C9,858,AVERAGE NUMBER ON FIRST DAY OF MONTH,Mar Qtr 21,ACT,Males in community-based corrections
43,10,R43C10,62535,AVERAGE NUMBER ON FIRST DAY OF MONTH,Mar Qtr 21,Aust.,Males in community-based corrections
45,2,R45C2,6316,AVERAGE NUMBER ON FIRST DAY OF MONTH,Mar Qtr 20,NSW,Females in community-based corrections
45,3,R45C3,2058,AVERAGE NUMBER ON FIRST DAY OF MONTH,Mar Qtr 20,Vic.,Females in community-based corrections
45,4,R45C4,4861,AVERAGE NUMBER ON FIRST DAY OF MONTH,Mar Qtr 20,Qld,Females in community-based corrections
45,5,R45C5,943,AVERAGE NUMBER ON FIRST DAY OF MONTH,Mar Qtr 20,SA,Females in community-based corrections
45,6,R45C6,1304,AVERAGE NUMBER ON FIRST DAY OF MONTH,Mar Qtr 20,WA,Females in community-based corrections
45,7,R45C7,458,AVERAGE NUMBER ON FIRST DAY OF MONTH,Mar Qtr 20,Tas.,Females in community-based corrections
45,8,R45C8,225,AVERAGE NUMBER ON FIRST DAY OF MONTH,Mar Qtr 20,NT,Females in community-based corrections
45,9,R45C9,258,AVERAGE NUMBER ON FIRST DAY OF MONTH,Mar Qtr 20,ACT,Females in community-based corrections
45,10,R45C10,16423,AVERAGE NUMBER ON FIRST DAY OF MONTH,Mar Qtr 20,Aust.,Females in community-based corrections
46,2,R46C2,6252,AVERAGE NUMBER ON FIRST DAY OF MONTH,Dec Qtr 20,NSW,Females in community-based corrections
46,3,R46C3,1246,AVERAGE NUMBER ON FIRST DAY OF MONTH,Dec Qtr 20,Vic.,Females in community-based corrections
46,4,R46C4,4361,AVERAGE NUMBER ON FIRST DAY OF MONTH,Dec Qtr 20,Qld,Females in community-based corrections
46,5,R46C5,995,AVERAGE NUMBER ON FIRST DAY OF MONTH,Dec Qtr 20,SA,Females in community-based corrections
46,6,R46C6,1309,AVERAGE NUMBER ON FIRST DAY OF MONTH,Dec Qtr 20,WA,Females in community-based corrections
46,7,R46C7,418,AVERAGE NUMBER ON FIRST DAY OF MONTH,Dec Qtr 20,Tas.,Females in community-based corrections
46,8,R46C8,209,AVERAGE NUMBER ON FIRST DAY OF MONTH,Dec Qtr 20,NT,Females in community-based corrections
46,9,R46C9,210,AVERAGE NUMBER ON FIRST DAY OF MONTH,Dec Qtr 20,ACT,Females in community-based corrections
46,10,R46C10,15001,AVERAGE NUMBER ON FIRST DAY OF MONTH,Dec Qtr 20,Aust.,Females in community-based corrections
47,2,R47C2,6257,AVERAGE NUMBER ON FIRST DAY OF MONTH,Mar Qtr 21,NSW,Females in community-based corrections
47,3,R47C3,1172,AVERAGE NUMBER ON FIRST DAY OF MONTH,Mar Qtr 21,Vic.,Females in community-based corrections
47,4,R47C4,4399,AVERAGE NUMBER ON FIRST DAY OF MONTH,Mar Qtr 21,Qld,Females in community-based corrections
47,5,R47C5,1013,AVERAGE NUMBER ON FIRST DAY OF MONTH,Mar Qtr 21,SA,Females in community-based corrections
47,6,R47C6,1308,AVERAGE NUMBER ON FIRST DAY OF MONTH,Mar Qtr 21,WA,Females in community-based corrections
47,7,R47C7,399,AVERAGE NUMBER ON FIRST DAY OF MONTH,Mar Qtr 21,Tas.,Females in community-based corrections
47,8,R47C8,205,AVERAGE NUMBER ON FIRST DAY OF MONTH,Mar Qtr 21,NT,Females in community-based corrections
47,9,R47C9,201,AVERAGE NUMBER ON FIRST DAY OF MONTH,Mar Qtr 21,ACT,Females in community-based corrections
47,10,R47C10,14954,AVERAGE NUMBER ON FIRST DAY OF MONTH,Mar Qtr 21,Aust.,Females in community-based corrections
49,2,R49C2,35261,AVERAGE NUMBER ON FIRST DAY OF MONTH,Mar Qtr 20,NSW,Persons in community-based corrections
49,3,R49C3,12345,AVERAGE NUMBER ON FIRST DAY OF MONTH,Mar Qtr 20,Vic.,Persons in community-based corrections
49,4,R49C4,20289,AVERAGE NUMBER ON FIRST DAY OF MONTH,Mar Qtr 20,Qld,Persons in community-based corrections
49,5,R49C5,5143,AVERAGE NUMBER ON FIRST DAY OF MONTH,Mar Qtr 20,SA,Persons in community-based corrections
49,6,R49C6,5813,AVERAGE NUMBER ON FIRST DAY OF MONTH,Mar Qtr 20,WA,Persons in community-based corrections
49,7,R49C7,2054,AVERAGE NUMBER ON FIRST DAY OF MONTH,Mar Qtr 20,Tas.,Persons in community-based corrections
49,8,R49C8,1255,AVERAGE NUMBER ON FIRST DAY OF MONTH,Mar Qtr 20,NT,Persons in community-based corrections
49,9,R49C9,1217,AVERAGE NUMBER ON FIRST DAY OF MONTH,Mar Qtr 20,ACT,Persons in community-based corrections
49,10,R49C10,83377,AVERAGE NUMBER ON FIRST DAY OF MONTH,Mar Qtr 20,Aust.,Persons in community-based corrections
50,2,R50C2,35607,AVERAGE NUMBER ON FIRST DAY OF MONTH,Dec Qtr 20,NSW,Persons in community-based corrections
50,3,R50C3,8747,AVERAGE NUMBER ON FIRST DAY OF MONTH,Dec Qtr 20,Vic.,Persons in community-based corrections
50,4,R50C4,18077,AVERAGE NUMBER ON FIRST DAY OF MONTH,Dec Qtr 20,Qld,Persons in community-based corrections
50,5,R50C5,5230,AVERAGE NUMBER ON FIRST DAY OF MONTH,Dec Qtr 20,SA,Persons in community-based corrections
50,6,R50C6,5966,AVERAGE NUMBER ON FIRST DAY OF MONTH,Dec Qtr 20,WA,Persons in community-based corrections
50,7,R50C7,1984,AVERAGE NUMBER ON FIRST DAY OF MONTH,Dec Qtr 20,Tas.,Persons in community-based corrections
50,8,R50C8,1258,AVERAGE NUMBER ON FIRST DAY OF MONTH,Dec Qtr 20,NT,Persons in community-based corrections
50,9,R50C9,1050,AVERAGE NUMBER ON FIRST DAY OF MONTH,Dec Qtr 20,ACT,Persons in community-based corrections
50,10,R50C10,77919,AVERAGE NUMBER ON FIRST DAY OF MONTH,Dec Qtr 20,Aust.,Persons in community-based corrections
51,2,R51C2,35631,AVERAGE NUMBER ON FIRST DAY OF MONTH,Mar Qtr 21,NSW,Persons in community-based corrections
51,3,R51C3,8349,AVERAGE NUMBER ON FIRST DAY OF MONTH,Mar Qtr 21,Vic.,Persons in community-based corrections
51,4,R51C4,18178,AVERAGE NUMBER ON FIRST DAY OF MONTH,Mar Qtr 21,Qld,Persons in community-based corrections
51,5,R51C5,5202,AVERAGE NUMBER ON FIRST DAY OF MONTH,Mar Qtr 21,SA,Persons in community-based corrections
51,6,R51C6,5890,AVERAGE NUMBER ON FIRST DAY OF MONTH,Mar Qtr 21,WA,Persons in community-based corrections
51,7,R51C7,1961,AVERAGE NUMBER ON FIRST DAY OF MONTH,Mar Qtr 21,Tas.,Persons in community-based corrections
51,8,R51C8,1258,AVERAGE NUMBER ON FIRST DAY OF MONTH,Mar Qtr 21,NT,Persons in community-based corrections
51,9,R51C9,1059,AVERAGE NUMBER ON FIRST DAY OF MONTH,Mar Qtr 21,ACT,Persons in community-based corrections
51,10,R51C10,77529,AVERAGE NUMBER ON FIRST DAY OF MONTH,Mar Qtr 21,Aust.,Persons in community-based corrections
