row,col,address,.value,drug_use_context,drug_use_context_source,treatment_type,treatment_type_source,financial_year,financial_year_source
4,5,R4C5,63145,Own drug use,R4C3,Counselling,R4C4,2014–15,R3C5
4,6,R4C6,69604,Own drug use,R4C3,Counselling,R4C4,2015–16,R3C6
4,7,R4C7,74753,Own drug use,R4C3,Counselling,R4C4,2016–17,R3C7
4,8,R4C8,75383,Own drug use,R4C3,Counselling,R4C4,2017–18,R3C8
4,9,R4C9,78860,Own drug use,R4C3,Counselling,R4C4,2018–19,R3C9
4,10,R4C10,79873,Own drug use,R4C3,Counselling,R4C4,2019–20,R3C10
4,11,R4C11,84224,Own drug use,R4C3,Counselling,R4C4,2020–21,R3C11
4,12,R4C12,76713,Own drug use,R4C3,Counselling,R4C4,2021–22,R3C12
4,13,R4C13,73561,Own drug use,R4C3,Counselling,R4C4,2022–23,R3C13
4,14,R4C14,71948,Own drug use,R4C3,Counselling,R4C4,2023–24,R3C14
5,5,R5C5,21859,Own drug use,R4C3,Withdrawal management,R5C4,2014–15,R3C5
5,6,R5C6,23853,Own drug use,R4C3,Withdrawal management,R5C4,2015–16,R3C6
5,7,R5C7,23844,Own drug use,R4C3,Withdrawal management,R5C4,2016–17,R3C7
5,8,R5C8,26036,Own drug use,R4C3,Withdrawal management,R5C4,2017–18,R3C8
5,9,R5C9,24074,Own drug use,R4C3,Withdrawal management,R5C4,2018–19,R3C9
5,10,R5C10,21912,Own drug use,R4C3,Withdrawal management,R5C4,2019–20,R3C10
5,11,R5C11,22331,Own drug use,R4C3,Withdrawal management,R5C4,2020–21,R3C11
5,12,R5C12,20509,Own drug use,R4C3,Withdrawal management,R5C4,2021–22,R3C12
5,13,R5C13,23250,Own drug use,R4C3,Withdrawal management,R5C4,2022–23,R3C13
5,14,R5C14,21776,Own drug use,R4C3,Withdrawal management,R5C4,2023–24,R3C14
6,5,R6C5,28139,Own drug use,R4C3,Assessment only,R6C4,2014–15,R3C5
6,6,R6C6,32737,Own drug use,R4C3,Assessment only,R6C4,2015–16,R3C6
6,7,R6C7,30723,Own drug use,R4C3,Assessment only,R6C4,2016–17,R3C7
6,8,R6C8,32215,Own drug use,R4C3,Assessment only,R6C4,2017–18,R3C8
6,9,R6C9,39353,Own drug use,R4C3,Assessment only,R6C4,2018–19,R3C9
6,10,R6C10,42206,Own drug use,R4C3,Assessment only,R6C4,2019–20,R3C10
6,11,R6C11,46405,Own drug use,R4C3,Assessment only,R6C4,2020–21,R3C11
6,12,R6C12,46145,Own drug use,R4C3,Assessment only,R6C4,2021–22,R3C12
6,13,R6C13,49621,Own drug use,R4C3,Assessment only,R6C4,2022–23,R3C13
6,14,R6C14,49830,Own drug use,R4C3,Assessment only,R6C4,2023–24,R3C14
7,5,R7C5,13875,Own drug use,R4C3,Support and case management,R7C4,2014–15,R3C5
7,6,R7C6,27060,Own drug use,R4C3,Support and case management,R7C4,2015–16,R3C6
7,7,R7C7,27490,Own drug use,R4C3,Support and case management,R7C4,2016–17,R3C7
7,8,R7C8,29382,Own drug use,R4C3,Support and case management,R7C4,2017–18,R3C8
7,9,R7C9,22874,Own drug use,R4C3,Support and case management,R7C4,2018–19,R3C9
7,10,R7C10,31555,Own drug use,R4C3,Support and case management,R7C4,2019–20,R3C10
7,11,R7C11,30696,Own drug use,R4C3,Support and case management,R7C4,2020–21,R3C11
7,12,R7C12,28064,Own drug use,R4C3,Support and case management,R7C4,2021–22,R3C12
7,13,R7C13,27357,Own drug use,R4C3,Support and case management,R7C4,2022–23,R3C13
7,14,R7C14,28686,Own drug use,R4C3,Support and case management,R7C4,2023–24,R3C14
8,5,R8C5,11047,Own drug use,R4C3,Rehabilitation,R8C4,2014–15,R3C5
8,6,R8C6,11874,Own drug use,R4C3,Rehabilitation,R8C4,2015–16,R3C6
8,7,R8C7,11188,Own drug use,R4C3,Rehabilitation,R8C4,2016–17,R3C7
8,8,R8C8,12368,Own drug use,R4C3,Rehabilitation,R8C4,2017–18,R3C8
8,9,R8C9,14235,Own drug use,R4C3,Rehabilitation,R8C4,2018–19,R3C9
8,10,R8C10,14785,Own drug use,R4C3,Rehabilitation,R8C4,2019–20,R3C10
8,11,R8C11,13913,Own drug use,R4C3,Rehabilitation,R8C4,2020–21,R3C11
8,12,R8C12,13016,Own drug use,R4C3,Rehabilitation,R8C4,2021–22,R3C12
8,13,R8C13,15689,Own drug use,R4C3,Rehabilitation,R8C4,2022–23,R3C13
8,14,R8C14,16870,Own drug use,R4C3,Rehabilitation,R8C4,2023–24,R3C14
9,5,R9C5,4030,Own drug use,R4C3,Pharmacotherapy,R9C4,2014–15,R3C5
9,6,R9C6,5622,Own drug use,R4C3,Pharmacotherapy,R9C4,2015–16,R3C6
9,7,R9C7,4432,Own drug use,R4C3,Pharmacotherapy,R9C4,2016–17,R3C7
9,8,R9C8,4210,Own drug use,R4C3,Pharmacotherapy,R9C4,2017–18,R3C8
9,9,R9C9,3505,Own drug use,R4C3,Pharmacotherapy,R9C4,2018–19,R3C9
9,10,R9C10,3423,Own drug use,R4C3,Pharmacotherapy,R9C4,2019–20,R3C10
9,11,R9C11,3863,Own drug use,R4C3,Pharmacotherapy,R9C4,2020–21,R3C11
9,12,R9C12,3739,Own drug use,R4C3,Pharmacotherapy,R9C4,2021–22,R3C12
9,13,R9C13,4074,Own drug use,R4C3,Pharmacotherapy,R9C4,2022–23,R3C13
9,14,R9C14,4072,Own drug use,R4C3,Pharmacotherapy,R9C4,2023–24,R3C14
10,5,R10C5,16165,Own drug use,R4C3,Information and education,R10C4,2014–15,R3C5
10,6,R10C6,18352,Own drug use,R4C3,Information and education,R10C4,2015–16,R3C6
10,7,R10C7,16194,Own drug use,R4C3,Information and education,R10C4,2016–17,R3C7
10,8,R10C8,16428,Own drug use,R4C3,Information and education,R10C4,2017–18,R3C8
10,9,R10C9,16774,Own drug use,R4C3,Information and education,R10C4,2018–19,R3C9
10,10,R10C10,14733,Own drug use,R4C3,Information and education,R10C4,2019–20,R3C10
10,11,R10C11,7876,Own drug use,R4C3,Information and education,R10C4,2020–21,R3C11
10,12,R10C12,5809,Own drug use,R4C3,Information and education,R10C4,2021–22,R3C12
10,13,R10C13,5159,Own drug use,R4C3,Information and education,R10C4,2022–23,R3C13
10,14,R10C14,5424,Own drug use,R4C3,Information and education,R10C4,2023–24,R3C14
11,5,R11C5,4043,Own drug use,R4C3,Other,R11C4,2014–15,R3C5
11,6,R11C6,9405,Own drug use,R4C3,Other,R11C4,2015–16,R3C6
11,7,R11C7,4407,Own drug use,R4C3,Other,R11C4,2016–17,R3C7
11,8,R11C8,4731,Own drug use,R4C3,Other,R11C4,2017–18,R3C8
11,9,R11C9,8156,Own drug use,R4C3,Other,R11C4,2018–19,R3C9
11,10,R11C10,9652,Own drug use,R4C3,Other,R11C4,2019–20,R3C10
11,11,R11C11,14827,Own drug use,R4C3,Other,R11C4,2020–21,R3C11
11,12,R11C12,15958,Own drug use,R4C3,Other,R11C4,2021–22,R3C12
11,13,R11C13,18592,Own drug use,R4C3,Other,R11C4,2022–23,R3C13
11,14,R11C14,20671,Own drug use,R4C3,Other,R11C4,2023–24,R3C14
12,5,R12C5,162303,Own drug use,R4C3,Total,R12C4,2014–15,R3C5
12,6,R12C6,198507,Own drug use,R4C3,Total,R12C4,2015–16,R3C6
12,7,R12C7,193031,Own drug use,R4C3,Total,R12C4,2016–17,R3C7
12,8,R12C8,200753,Own drug use,R4C3,Total,R12C4,2017–18,R3C8
12,9,R12C9,207831,Own drug use,R4C3,Total,R12C4,2018–19,R3C9
12,10,R12C10,218139,Own drug use,R4C3,Total,R12C4,2019–20,R3C10
12,11,R12C11,224135,Own drug use,R4C3,Total,R12C4,2020–21,R3C11
12,12,R12C12,209953,Own drug use,R4C3,Total,R12C4,2021–22,R3C12
12,13,R12C13,217303,Own drug use,R4C3,Total,R12C4,2022–23,R3C13
12,14,R12C14,219277,Own drug use,R4C3,Total,R12C4,2023–24,R3C14
13,5,R13C5,5029,Other's drug use,R13C3,Counselling,R13C4,2014–15,R3C5
13,6,R13C6,5580,Other's drug use,R13C3,Counselling,R13C4,2015–16,R3C6
13,7,R13C7,5637,Other's drug use,R13C3,Counselling,R13C4,2016–17,R3C7
13,8,R13C8,5728,Other's drug use,R13C3,Counselling,R13C4,2017–18,R3C8
13,9,R13C9,6249,Other's drug use,R13C3,Counselling,R13C4,2018–19,R3C9
13,10,R13C10,8387,Other's drug use,R13C3,Counselling,R13C4,2019–20,R3C10
13,11,R13C11,8231,Other's drug use,R13C3,Counselling,R13C4,2020–21,R3C11
13,12,R13C12,6613,Other's drug use,R13C3,Counselling,R13C4,2021–22,R3C12
13,13,R13C13,6128,Other's drug use,R13C3,Counselling,R13C4,2022–23,R3C13
13,14,R13C14,7523,Other's drug use,R13C3,Counselling,R13C4,2023–24,R3C14
14,5,R14C5,0,Other's drug use,R13C3,Withdrawal management,R14C4,2014–15,R3C5
14,6,R14C6,0,Other's drug use,R13C3,Withdrawal management,R14C4,2015–16,R3C6
14,7,R14C7,0,Other's drug use,R13C3,Withdrawal management,R14C4,2016–17,R3C7
14,8,R14C8,0,Other's drug use,R13C3,Withdrawal management,R14C4,2017–18,R3C8
14,9,R14C9,0,Other's drug use,R13C3,Withdrawal management,R14C4,2018–19,R3C9
14,10,R14C10,0,Other's drug use,R13C3,Withdrawal management,R14C4,2019–20,R3C10
14,11,R14C11,0,Other's drug use,R13C3,Withdrawal management,R14C4,2020–21,R3C11
14,12,R14C12,0,Other's drug use,R13C3,Withdrawal management,R14C4,2021–22,R3C12
14,13,R14C13,0,Other's drug use,R13C3,Withdrawal management,R14C4,2022–23,R3C13
14,14,R14C14,0,Other's drug use,R13C3,Withdrawal management,R14C4,2023–24,R3C14
15,5,R15C5,570,Other's drug use,R13C3,Assessment only,R15C4,2014–15,R3C5
15,6,R15C6,431,Other's drug use,R13C3,Assessment only,R15C4,2015–16,R3C6
15,7,R15C7,509,Other's drug use,R13C3,Assessment only,R15C4,2016–17,R3C7
15,8,R15C8,629,Other's drug use,R13C3,Assessment only,R15C4,2017–18,R3C8
15,9,R15C9,1334,Other's drug use,R13C3,Assessment only,R15C4,2018–19,R3C9
15,10,R15C10,2202,Other's drug use,R13C3,Assessment only,R15C4,2019–20,R3C10
15,11,R15C11,1853,Other's drug use,R13C3,Assessment only,R15C4,2020–21,R3C11
15,12,R15C12,1517,Other's drug use,R13C3,Assessment only,R15C4,2021–22,R3C12
15,13,R15C13,1255,Other's drug use,R13C3,Assessment only,R15C4,2022–23,R3C13
15,14,R15C14,2029,Other's drug use,R13C3,Assessment only,R15C4,2023–24,R3C14
16,5,R16C5,649,Other's drug use,R13C3,Support and case management,R16C4,2014–15,R3C5
16,6,R16C6,738,Other's drug use,R13C3,Support and case management,R16C4,2015–16,R3C6
16,7,R16C7,739,Other's drug use,R13C3,Support and case management,R16C4,2016–17,R3C7
16,8,R16C8,741,Other's drug use,R13C3,Support and case management,R16C4,2017–18,R3C8
16,9,R16C9,3031,Other's drug use,R13C3,Support and case management,R16C4,2018–19,R3C9
16,10,R16C10,6495,Other's drug use,R13C3,Support and case management,R16C4,2019–20,R3C10
16,11,R16C11,5854,Other's drug use,R13C3,Support and case management,R16C4,2020–21,R3C11
16,12,R16C12,7287,Other's drug use,R13C3,Support and case management,R16C4,2021–22,R3C12
16,13,R16C13,8355,Other's drug use,R13C3,Support and case management,R16C4,2022–23,R3C13
16,14,R16C14,9716,Other's drug use,R13C3,Support and case management,R16C4,2023–24,R3C14
17,5,R17C5,0,Other's drug use,R13C3,Rehabilitation,R17C4,2014–15,R3C5
17,6,R17C6,0,Other's drug use,R13C3,Rehabilitation,R17C4,2015–16,R3C6
17,7,R17C7,0,Other's drug use,R13C3,Rehabilitation,R17C4,2016–17,R3C7
17,8,R17C8,0,Other's drug use,R13C3,Rehabilitation,R17C4,2017–18,R3C8
17,9,R17C9,0,Other's drug use,R13C3,Rehabilitation,R17C4,2018–19,R3C9
17,10,R17C10,0,Other's drug use,R13C3,Rehabilitation,R17C4,2019–20,R3C10
17,11,R17C11,0,Other's drug use,R13C3,Rehabilitation,R17C4,2020–21,R3C11
17,12,R17C12,0,Other's drug use,R13C3,Rehabilitation,R17C4,2021–22,R3C12
17,13,R17C13,0,Other's drug use,R13C3,Rehabilitation,R17C4,2022–23,R3C13
17,14,R17C14,0,Other's drug use,R13C3,Rehabilitation,R17C4,2023–24,R3C14
18,5,R18C5,0,Other's drug use,R13C3,Pharmacotherapy,R18C4,2014–15,R3C5
18,6,R18C6,0,Other's drug use,R13C3,Pharmacotherapy,R18C4,2015–16,R3C6
18,7,R18C7,0,Other's drug use,R13C3,Pharmacotherapy,R18C4,2016–17,R3C7
18,8,R18C8,0,Other's drug use,R13C3,Pharmacotherapy,R18C4,2017–18,R3C8
18,9,R18C9,0,Other's drug use,R13C3,Pharmacotherapy,R18C4,2018–19,R3C9
18,10,R18C10,0,Other's drug use,R13C3,Pharmacotherapy,R18C4,2019–20,R3C10
18,11,R18C11,0,Other's drug use,R13C3,Pharmacotherapy,R18C4,2020–21,R3C11
18,12,R18C12,0,Other's drug use,R13C3,Pharmacotherapy,R18C4,2021–22,R3C12
18,13,R18C13,0,Other's drug use,R13C3,Pharmacotherapy,R18C4,2022–23,R3C13
18,14,R18C14,0,Other's drug use,R13C3,Pharmacotherapy,R18C4,2023–24,R3C14
19,5,R19C5,1423,Other's drug use,R13C3,Information and education,R19C4,2014–15,R3C5
19,6,R19C6,951,Other's drug use,R13C3,Information and education,R19C4,2015–16,R3C6
19,7,R19C7,747,Other's drug use,R13C3,Information and education,R19C4,2016–17,R3C7
19,8,R19C8,984,Other's drug use,R13C3,Information and education,R19C4,2017–18,R3C8
19,9,R19C9,1265,Other's drug use,R13C3,Information and education,R19C4,2018–19,R3C9
19,10,R19C10,1194,Other's drug use,R13C3,Information and education,R19C4,2019–20,R3C10
19,11,R19C11,861,Other's drug use,R13C3,Information and education,R19C4,2020–21,R3C11
19,12,R19C12,512,Other's drug use,R13C3,Information and education,R19C4,2021–22,R3C12
19,13,R19C13,522,Other's drug use,R13C3,Information and education,R19C4,2022–23,R3C13
19,14,R19C14,324,Other's drug use,R13C3,Information and education,R19C4,2023–24,R3C14
20,5,R20C5,393,Other's drug use,R13C3,Other,R20C4,2014–15,R3C5
20,6,R20C6,188,Other's drug use,R13C3,Other,R20C4,2015–16,R3C6
20,7,R20C7,88,Other's drug use,R13C3,Other,R20C4,2016–17,R3C7
20,8,R20C8,100,Other's drug use,R13C3,Other,R20C4,2017–18,R3C8
20,9,R20C9,223,Other's drug use,R13C3,Other,R20C4,2018–19,R3C9
20,10,R20C10,1128,Other's drug use,R13C3,Other,R20C4,2019–20,R3C10
20,11,R20C11,2046,Other's drug use,R13C3,Other,R20C4,2020–21,R3C11
20,12,R20C12,2569,Other's drug use,R13C3,Other,R20C4,2021–22,R3C12
20,13,R20C13,1898,Other's drug use,R13C3,Other,R20C4,2022–23,R3C13
20,14,R20C14,2089,Other's drug use,R13C3,Other,R20C4,2023–24,R3C14
21,5,R21C5,8064,Other's drug use,R13C3,Total,R21C4,2014–15,R3C5
21,6,R21C6,7888,Other's drug use,R13C3,Total,R21C4,2015–16,R3C6
21,7,R21C7,7720,Other's drug use,R13C3,Total,R21C4,2016–17,R3C7
21,8,R21C8,8182,Other's drug use,R13C3,Total,R21C4,2017–18,R3C8
21,9,R21C9,12102,Other's drug use,R13C3,Total,R21C4,2018–19,R3C9
21,10,R21C10,19406,Other's drug use,R13C3,Total,R21C4,2019–20,R3C10
21,11,R21C11,18845,Other's drug use,R13C3,Total,R21C4,2020–21,R3C11
21,12,R21C12,18498,Other's drug use,R13C3,Total,R21C4,2021–22,R3C12
21,13,R21C13,18158,Other's drug use,R13C3,Total,R21C4,2022–23,R3C13
21,14,R21C14,21681,Other's drug use,R13C3,Total,R21C4,2023–24,R3C14
22,5,R22C5,68174,Total,R22C3,Counselling,R22C4,2014–15,R3C5
22,6,R22C6,75184,Total,R22C3,Counselling,R22C4,2015–16,R3C6
22,7,R22C7,80390,Total,R22C3,Counselling,R22C4,2016–17,R3C7
22,8,R22C8,81111,Total,R22C3,Counselling,R22C4,2017–18,R3C8
22,9,R22C9,85109,Total,R22C3,Counselling,R22C4,2018–19,R3C9
22,10,R22C10,88260,Total,R22C3,Counselling,R22C4,2019–20,R3C10
22,11,R22C11,92455,Total,R22C3,Counselling,R22C4,2020–21,R3C11
22,12,R22C12,83326,Total,R22C3,Counselling,R22C4,2021–22,R3C12
22,13,R22C13,79689,Total,R22C3,Counselling,R22C4,2022–23,R3C13
22,14,R22C14,79471,Total,R22C3,Counselling,R22C4,2023–24,R3C14
23,5,R23C5,21859,Total,R22C3,Withdrawal management,R23C4,2014–15,R3C5
23,6,R23C6,23853,Total,R22C3,Withdrawal management,R23C4,2015–16,R3C6
23,7,R23C7,23844,Total,R22C3,Withdrawal management,R23C4,2016–17,R3C7
23,8,R23C8,26036,Total,R22C3,Withdrawal management,R23C4,2017–18,R3C8
23,9,R23C9,24074,Total,R22C3,Withdrawal management,R23C4,2018–19,R3C9
23,10,R23C10,21912,Total,R22C3,Withdrawal management,R23C4,2019–20,R3C10
23,11,R23C11,22331,Total,R22C3,Withdrawal management,R23C4,2020–21,R3C11
23,12,R23C12,20509,Total,R22C3,Withdrawal management,R23C4,2021–22,R3C12
23,13,R23C13,23250,Total,R22C3,Withdrawal management,R23C4,2022–23,R3C13
23,14,R23C14,21776,Total,R22C3,Withdrawal management,R23C4,2023–24,R3C14
24,5,R24C5,28709,Total,R22C3,Assessment only,R24C4,2014–15,R3C5
24,6,R24C6,33168,Total,R22C3,Assessment only,R24C4,2015–16,R3C6
24,7,R24C7,31232,Total,R22C3,Assessment only,R24C4,2016–17,R3C7
24,8,R24C8,32844,Total,R22C3,Assessment only,R24C4,2017–18,R3C8
24,9,R24C9,40687,Total,R22C3,Assessment only,R24C4,2018–19,R3C9
24,10,R24C10,44408,Total,R22C3,Assessment only,R24C4,2019–20,R3C10
24,11,R24C11,48258,Total,R22C3,Assessment only,R24C4,2020–21,R3C11
24,12,R24C12,47662,Total,R22C3,Assessment only,R24C4,2021–22,R3C12
24,13,R24C13,50876,Total,R22C3,Assessment only,R24C4,2022–23,R3C13
24,14,R24C14,51859,Total,R22C3,Assessment only,R24C4,2023–24,R3C14
25,5,R25C5,14524,Total,R22C3,Support and case management,R25C4,2014–15,R3C5
25,6,R25C6,27798,Total,R22C3,Support and case management,R25C4,2015–16,R3C6
25,7,R25C7,28229,Total,R22C3,Support and case management,R25C4,2016–17,R3C7
25,8,R25C8,30123,Total,R22C3,Support and case management,R25C4,2017–18,R3C8
25,9,R25C9,25905,Total,R22C3,Support and case management,R25C4,2018–19,R3C9
25,10,R25C10,38050,Total,R22C3,Support and case management,R25C4,2019–20,R3C10
25,11,R25C11,36550,Total,R22C3,Support and case management,R25C4,2020–21,R3C11
25,12,R25C12,35351,Total,R22C3,Support and case management,R25C4,2021–22,R3C12
25,13,R25C13,35712,Total,R22C3,Support and case management,R25C4,2022–23,R3C13
25,14,R25C14,38402,Total,R22C3,Support and case management,R25C4,2023–24,R3C14
26,5,R26C5,11047,Total,R22C3,Rehabilitation,R26C4,2014–15,R3C5
26,6,R26C6,11874,Total,R22C3,Rehabilitation,R26C4,2015–16,R3C6
26,7,R26C7,11188,Total,R22C3,Rehabilitation,R26C4,2016–17,R3C7
26,8,R26C8,12368,Total,R22C3,Rehabilitation,R26C4,2017–18,R3C8
26,9,R26C9,14235,Total,R22C3,Rehabilitation,R26C4,2018–19,R3C9
26,10,R26C10,14785,Total,R22C3,Rehabilitation,R26C4,2019–20,R3C10
26,11,R26C11,13913,Total,R22C3,Rehabilitation,R26C4,2020–21,R3C11
26,12,R26C12,13016,Total,R22C3,Rehabilitation,R26C4,2021–22,R3C12
26,13,R26C13,15689,Total,R22C3,Rehabilitation,R26C4,2022–23,R3C13
26,14,R26C14,16870,Total,R22C3,Rehabilitation,R26C4,2023–24,R3C14
27,5,R27C5,4030,Total,R22C3,Pharmacotherapy,R27C4,2014–15,R3C5
27,6,R27C6,5622,Total,R22C3,Pharmacotherapy,R27C4,2015–16,R3C6
27,7,R27C7,4432,Total,R22C3,Pharmacotherapy,R27C4,2016–17,R3C7
27,8,R27C8,4210,Total,R22C3,Pharmacotherapy,R27C4,2017–18,R3C8
27,9,R27C9,3505,Total,R22C3,Pharmacotherapy,R27C4,2018–19,R3C9
27,10,R27C10,3423,Total,R22C3,Pharmacotherapy,R27C4,2019–20,R3C10
27,11,R27C11,3863,Total,R22C3,Pharmacotherapy,R27C4,2020–21,R3C11
27,12,R27C12,3739,Total,R22C3,Pharmacotherapy,R27C4,2021–22,R3C12
27,13,R27C13,4074,Total,R22C3,Pharmacotherapy,R27C4,2022–23,R3C13
27,14,R27C14,4072,Total,R22C3,Pharmacotherapy,R27C4,2023–24,R3C14
28,5,R28C5,17588,Total,R22C3,Information and education,R28C4,2014–15,R3C5
28,6,R28C6,19303,Total,R22C3,Information and education,R28C4,2015–16,R3C6
28,7,R28C7,16941,Total,R22C3,Information and education,R28C4,2016–17,R3C7
28,8,R28C8,17412,Total,R22C3,Information and education,R28C4,2017–18,R3C8
28,9,R28C9,18039,Total,R22C3,Information and education,R28C4,2018–19,R3C9
28,10,R28C10,15927,Total,R22C3,Information and education,R28C4,2019–20,R3C10
28,11,R28C11,8737,Total,R22C3,Information and education,R28C4,2020–21,R3C11
28,12,R28C12,6321,Total,R22C3,Information and education,R28C4,2021–22,R3C12
28,13,R28C13,5681,Total,R22C3,Information and education,R28C4,2022–23,R3C13
28,14,R28C14,5748,Total,R22C3,Information and education,R28C4,2023–24,R3C14
29,5,R29C5,4436,Total,R22C3,Other,R29C4,2014–15,R3C5
29,6,R29C6,9593,Total,R22C3,Other,R29C4,2015–16,R3C6
29,7,R29C7,4495,Total,R22C3,Other,R29C4,2016–17,R3C7
29,8,R29C8,4831,Total,R22C3,Other,R29C4,2017–18,R3C8
29,9,R29C9,8379,Total,R22C3,Other,R29C4,2018–19,R3C9
29,10,R29C10,10780,Total,R22C3,Other,R29C4,2019–20,R3C10
29,11,R29C11,16873,Total,R22C3,Other,R29C4,2020–21,R3C11
29,12,R29C12,18527,Total,R22C3,Other,R29C4,2021–22,R3C12
29,13,R29C13,20490,Total,R22C3,Other,R29C4,2022–23,R3C13
29,14,R29C14,22760,Total,R22C3,Other,R29C4,2023–24,R3C14
30,5,R30C5,170367,Total,R22C3,Total,R30C4,2014–15,R3C5
30,6,R30C6,206395,Total,R22C3,Total,R30C4,2015–16,R3C6
30,7,R30C7,200751,Total,R22C3,Total,R30C4,2016–17,R3C7
30,8,R30C8,208935,Total,R22C3,Total,R30C4,2017–18,R3C8
30,9,R30C9,219933,Total,R22C3,Total,R30C4,2018–19,R3C9
30,10,R30C10,237545,Total,R22C3,Total,R30C4,2019–20,R3C10
30,11,R30C11,242980,Total,R22C3,Total,R30C4,2020–21,R3C11
30,12,R30C12,228451,Total,R22C3,Total,R30C4,2021–22,R3C12
30,13,R30C13,235461,Total,R22C3,Total,R30C4,2022–23,R3C13
30,14,R30C14,240958,Total,R22C3,Total,R30C4,2023–24,R3C14
